RunNumber,Mutation Rate,Population Size,Gene Size,Parallel, Fixed RNG Seed,Selection Percentage,Elitist Selection Percentage
2,0.15,100,1000,True,True,0.5,0.05

Generation,Best Fitness,Lowest Fitness,Average Fitness
0,22.49379,5.857293,10.65984
1,24.38963,5.857293,11.69681
2,26.99035,5.573968,11.86378
3,28.69794,5.573968,12.13274
4,28.69794,6.174114,12.08392
5,30.53826,6.174114,12.65433
6,30.53826,5.857293,12.38644
7,30.53826,5.422118,13.03723
8,30.53826,5.857293,13.05289
9,30.53826,5.573968,13.69973
10,30.53826,5.422118,12.30395
11,31.15518,5.857293,13.41256
12,31.15518,6.610242,12.78615
13,31.15518,5.573968,13.27458
14,37.96227,5.857293,14.05332
15,37.96227,6.174114,13.4985
16,37.96227,5.422118,14.06967
17,38.28019,6.254655,14.29186
18,38.28019,6.174114,13.80336
19,38.28019,6.610242,14.35777
20,38.28019,6.174114,14.88095
21,38.28019,6.254655,15.30155
22,38.28019,6.920034,14.45155
23,38.28019,6.174114,14.56264
24,38.28019,5.857293,15.22638
25,38.28019,6.610242,15.09286
26,38.28019,5.422118,14.41143
27,38.28019,5.422118,15.46668
28,38.91109,5.573968,15.67165
29,38.91109,5.857293,15.56675
30,38.91109,5.422118,14.81797
31,38.91109,6.174114,14.41714
32,38.91109,5.857293,14.80839
33,38.91109,5.857293,14.34321
34,38.91109,6.610242,14.23402
35,38.91109,5.422118,14.23205
36,38.91109,6.254655,15.11618
37,38.91109,5.573968,14.89465
38,38.91109,5.422118,14.56479
39,38.91109,5.573968,14.46035
40,38.91109,5.857293,14.15232
41,38.91109,5.857293,14.16781
42,38.91109,6.254655,14.72561
43,38.91109,5.573968,14.02938
44,38.91109,5.857293,15.29946
45,38.91109,5.857293,14.09585
46,38.91109,5.857293,14.6522
47,38.91109,6.174114,15.38745
48,38.91109,5.422118,14.88105
49,38.91109,5.857293,13.88736
50,38.91109,6.610242,13.9307
51,38.91109,6.75,15.26246
52,38.91109,6.75,15.24573
53,38.91109,6.610242,14.31591
54,38.91109,5.422118,13.49589
55,38.91109,6.254655,14.94587
56,38.91109,5.857293,15.20912
57,38.91109,5.857293,14.81704
58,38.91109,5.422118,14.21741
59,38.91109,5.857293,15.7397
60,38.91109,5.573968,14.75586
61,38.91109,5.573968,14.41808
62,38.91109,6.174114,14.86623
63,38.91109,5.857293,14.00714
64,38.91109,5.573968,15.62281
65,38.91109,5.857293,15.10518
66,38.91109,5.857293,14.68643
67,38.91109,5.857293,14.58407
68,38.91109,5.422118,15.46399
69,38.91109,5.857293,14.90254
70,38.91109,5.422118,15.06708
71,38.91109,6.75,14.50256
72,38.91109,6.610242,15.21256
73,38.91109,6.610242,15.38301
74,38.91109,5.422118,15.43664
75,38.91109,5.422118,14.17629
76,38.91109,5.422118,14.53289
77,38.91109,5.573968,15.05779
78,38.91109,5.573968,13.67832
79,38.91109,5.422118,14.88183
80,38.91109,5.422118,13.637
81,38.91109,6.174114,14.06403
82,38.91109,5.422118,14.85351
83,38.91109,4.918393,13.68685
84,38.91109,5.422118,14.30435
85,38.91109,6.174114,14.42086
86,38.91109,6.75,14.43414
87,38.91109,5.422118,14.36697
88,38.91109,5.857293,14.12072
89,38.91109,6.75,14.75009
90,38.91109,6.174114,14.33495
91,38.91109,5.857293,14.92153
92,38.91109,5.573968,14.79463
93,38.91109,5.857293,15.1348
94,38.91109,5.573968,13.70299
95,38.91109,5.422118,14.34346
96,38.91109,6.254655,14.79387
97,38.91109,5.422118,14.47725
98,38.91109,5.573968,14.16612
99,38.91109,5.857293,13.69436
100,38.91109,5.573968,15.30199
101,38.91109,5.573968,14.73848
102,38.91109,5.422118,14.96911
103,38.91109,5.422118,15.0866
104,38.91109,5.857293,14.78819
105,38.91109,5.857293,13.92786
106,38.91109,5.422118,14.42823
107,38.91109,5.422118,14.60733
108,38.91109,6.254655,15.40971
109,38.91109,5.857293,14.95961
110,38.91109,5.422118,14.29939
111,38.91109,5.857293,14.23526
112,38.91109,5.573968,14.9095
113,38.91109,6.174114,16.05391
114,38.91109,6.254655,14.73223
115,38.91109,5.857293,14.98496
116,38.91109,5.422118,15.15717
117,38.91109,5.422118,14.81759
118,38.91109,5.857293,14.85804
119,38.91109,5.857293,15.24036
120,38.91109,5.422118,14.87519
121,38.91109,5.422118,13.8823
122,38.91109,6.254655,13.89096
123,38.91109,5.422118,15.28188
124,38.91109,5.573968,15.38467
125,38.91109,5.573968,14.86971
126,38.91109,5.857293,14.85132
127,38.91109,6.75,14.60849
128,38.91109,6.174114,14.5443
129,38.91109,6.174114,14.56323
130,38.91109,5.422118,15.48472
131,38.91109,6.174114,14.8387
132,38.91109,5.857293,15.07199
133,38.91109,5.422118,14.60703
134,38.91109,6.254655,14.74954
135,38.91109,5.422118,14.32562
136,38.91109,5.422118,13.36054
137,38.91109,6.174114,14.41124
138,38.91109,5.857293,14.07942
139,38.91109,5.422118,14.55654
140,38.91109,5.422118,13.98104
141,38.91109,5.573968,14.67034
142,38.91109,5.422118,14.36028
143,38.91109,5.573968,13.8715
144,38.91109,6.610242,13.76521
145,38.91109,5.422118,13.63438
146,38.91109,5.422118,13.64791
147,38.91109,5.422118,14.57914
148,38.91109,6.174114,15.02605
149,38.91109,5.857293,14.94993
150,38.91109,5.422118,14.81599
151,38.91109,5.422118,14.43705
152,38.91109,5.422118,14.98357
153,38.91109,5.857293,13.72542
154,38.91109,6.254655,14.84071
155,38.91109,5.422118,14.97287
156,38.91109,5.422118,14.902
157,38.91109,6.610242,15.06176
158,38.91109,5.573968,15.14469
159,38.91109,5.422118,15.66221
160,38.91109,5.857293,15.70859
161,38.91109,5.573968,15.51617
162,38.91109,5.573968,14.81308
163,38.91109,6.610242,13.9906
164,38.91109,5.857293,14.08557
165,38.91109,6.254655,15.00688
166,38.91109,5.422118,14.58659
167,38.91109,6.174114,14.78227
168,38.91109,5.857293,15.10459
169,38.91109,5.422118,14.68885
170,38.91109,5.422118,13.43646
171,38.91109,6.610242,14.89571
172,38.91109,5.857293,13.94314
173,38.91109,5.573968,14.85361
174,38.91109,5.422118,13.99094
175,38.91109,5.857293,14.25085
176,38.91109,5.857293,14.53524
177,38.91109,5.573968,14.13472
178,38.91109,6.174114,15.26742
179,38.91109,5.422118,13.86734
180,38.91109,5.422118,14.40945
181,38.91109,5.857293,14.142
182,38.91109,6.174114,15.14597
183,38.91109,5.573968,14.3164
184,38.91109,5.573968,15.15065
185,38.91109,6.174114,14.74905
186,38.91109,5.573968,14.11064
187,38.91109,5.857293,15.29371
188,38.91109,5.422118,14.7134
189,38.91109,5.291247,15.01462
190,38.91109,5.857293,14.73873
191,38.91109,5.857293,15.34434
192,38.91109,5.422118,15.21023
193,38.91109,5.573968,14.33418
194,38.91109,5.422118,14.60453
195,38.91109,5.573968,14.11297
196,38.91109,6.254655,14.37468
197,38.91109,5.857293,15.14647
198,38.91109,5.857293,15.7582
199,38.91109,6.174114,15.83038
200,38.91109,5.857293,15.14105
201,38.91109,5.857293,15.40467
202,38.91109,5.422118,15.68788
203,38.91109,6.254655,14.84765
204,38.91109,6.174114,15.99985
205,38.91109,5.573968,15.83739
206,38.91109,6.610242,15.22267
207,38.91109,5.422118,14.47209
208,38.91109,5.573968,13.6519
209,38.91109,5.422118,13.90997
210,38.91109,5.422118,13.46838
211,38.91109,6.610242,15.03129
212,38.91109,5.422118,14.3531
213,38.91109,6.174114,13.85646
214,38.91109,5.857293,13.54472
215,38.91109,6.174114,14.02364
216,38.91109,6.254655,15.70003
217,38.91109,6.75,14.47352
218,38.91109,5.857293,14.30696
219,38.91109,5.422118,14.55295
220,38.91109,5.857293,14.49509
221,38.91109,5.573968,15.55608
222,38.91109,5.857293,14.37453
223,38.91109,6.610242,15.17879
224,38.91109,5.573968,16.04872
225,38.91109,5.857293,14.48154
226,38.91109,4.203161,15.78085
227,38.91109,5.857293,15.396
228,38.91109,6.254655,15.06481
229,38.91109,5.573968,14.74512
230,38.91109,5.857293,14.35863
231,38.91109,6.174114,14.85686
232,38.91109,5.573968,15.13629
233,38.91109,5.573968,15.04509
234,38.91109,5.857293,14.84919
235,38.91109,6.254655,16.2428
236,38.91109,5.422118,15.20308
237,38.91109,5.422118,14.80324
238,38.91109,5.422118,14.31941
239,38.91109,6.610242,15.17016
240,38.91109,5.857293,14.2411
241,38.91109,6.174114,14.34565
242,38.91109,5.857293,14.65168
243,38.91109,5.422118,13.56224
244,38.91109,5.422118,14.26776
245,38.91109,5.422118,14.54099
246,38.91109,5.422118,14.33351
247,38.91109,5.779293,14.4705
248,38.91109,5.422118,13.44156
249,38.91109,5.422118,13.69175
250,38.91109,5.573968,13.98709
251,38.91109,2.703274,14.15797
252,38.91109,5.857293,14.06319
253,38.91109,6.254655,13.99298
254,38.91109,5.422118,13.81729
255,38.91109,5.422118,14.00122
256,38.91109,6.174114,14.58731
257,38.91109,5.422118,14.40517
258,38.91109,5.422118,13.9907
259,38.91109,5.857293,14.94753
260,38.91109,6.610242,14.58221
261,38.91109,6.174114,14.98611
262,38.91109,5.857293,15.44525
263,38.91109,5.573968,14.25542
264,38.91109,5.573968,14.24631
265,38.91109,5.422118,14.49273
266,38.91109,5.573968,14.31542
267,38.91109,6.254655,14.01415
268,38.91109,5.422118,14.03052
269,38.91109,5.422118,13.08439
270,38.91109,5.573968,14.39811
271,38.91109,5.573968,14.08549
272,38.91109,5.422118,13.68921
273,38.91109,5.422118,13.39901
274,38.91109,6.254655,14.95541
275,38.91109,6.254655,14.9616
276,38.91109,5.857293,14.50159
277,38.91109,5.857293,13.93932
278,38.91109,5.422118,14.84623
279,38.91109,6.254655,14.72298
280,38.91109,6.174114,14.8667
281,38.91109,6.174114,14.44832
282,38.91109,5.857293,14.78007
283,38.91109,6.254655,15.29343
284,38.91109,6.254655,15.76149
285,38.91109,6.610242,16.11978
286,38.91109,6.610242,15.76908
287,38.91109,6.75,15.95465
288,38.91109,5.573968,15.01548
289,38.91109,6.75,14.80615
290,38.91109,6.610242,14.77666
291,38.91109,5.857293,15.12574
292,38.91109,6.610242,14.48041
293,38.91109,5.422118,14.58191
294,38.91109,6.174114,14.26295
295,38.91109,5.573968,14.01294
296,38.91109,5.857293,14.8226
297,38.91109,6.174114,15.59336
298,38.91109,6.174114,15.01235
299,38.91109,5.422118,16.4189
300,38.91109,6.254655,15.28028
301,38.91109,5.573968,15.78974
302,38.91109,5.573968,15.32838
303,38.91109,6.174114,14.99
304,38.91109,6.920034,16.19927
305,38.91109,5.573968,14.78534
306,43.66372,5.857293,16.23984
307,43.66372,5.857293,16.09358
308,43.66372,6.254655,15.45957
309,43.66372,5.573968,16.10163
310,43.66372,5.422118,16.39974
311,43.66372,5.857293,15.06326
312,43.66372,6.254655,15.20193
313,43.66372,5.857293,13.78184
314,43.66372,6.174114,15.34053
315,43.66372,5.573968,14.426
316,43.66372,6.254655,15.21834
317,43.66372,5.857293,15.00586
318,43.66372,5.573968,15.61798
319,43.66372,5.422118,14.51663
320,43.66372,5.573968,16.12395
321,43.66372,6.920034,15.52952
322,43.66372,5.573968,14.97304
323,43.66372,5.422118,14.80289
324,43.66372,5.422118,15.30547
325,43.66372,5.422118,15.83484
326,43.66372,5.857293,14.58317
327,43.66372,5.573968,14.68095
328,43.66372,6.610242,14.86672
329,43.66372,6.920034,15.93097
330,43.66372,5.857293,15.08928
331,43.66372,5.422118,15.64009
332,43.66372,5.422118,15.03585
333,43.66372,5.857293,14.94731
334,43.66372,5.857293,14.44065
335,43.66372,5.857293,14.75765
336,43.66372,6.610242,15.03753
337,43.66372,5.857293,15.12638
338,43.66372,5.573968,14.85904
339,43.66372,7.180096,14.92445
340,43.66372,5.422118,14.25065
341,43.66372,5.573968,12.98942
342,43.66372,5.422118,14.16111
343,43.66372,6.174114,14.05788
344,43.66372,5.857293,14.26488
345,43.66372,5.857293,14.53082
346,43.66372,6.174114,14.53501
347,43.66372,5.573968,14.49477
348,43.66372,5.422118,13.5677
349,43.66372,5.857293,14.38931
350,43.66372,5.422118,14.30642
351,43.66372,5.422118,14.07785
352,43.66372,5.573968,13.53348
353,43.66372,5.573968,15.10324
354,43.66372,6.254655,14.1865
355,43.66372,5.422118,14.20168
356,43.66372,5.573968,14.56783
357,43.66372,5.422118,13.81209
358,43.66372,5.422118,13.94118
359,43.66372,5.573968,13.88184
360,43.66372,5.857293,13.53435
361,43.66372,6.254655,13.32318
362,43.66372,5.857293,13.81884
363,43.66372,5.857293,14.54903
364,43.66372,6.610242,15.69103
365,43.66372,5.857293,14.7969
366,43.66372,6.254655,15.53605
367,43.66372,5.422118,13.94445
368,43.66372,5.857293,14.49325
369,43.66372,5.573968,14.65237
370,43.66372,6.174114,14.19094
371,43.66372,5.422118,13.41058
372,43.66372,5.857293,14.21102
373,43.66372,5.422118,14.72066
374,43.66372,5.422118,12.72862
375,43.66372,6.174114,13.87365
376,43.66372,5.857293,14.54768
377,43.66372,5.857293,13.72401
378,43.66372,6.174114,13.6219
379,43.66372,5.422118,13.61855
380,43.66372,5.573968,14.59773
381,43.66372,6.610242,15.90913
382,43.66372,6.254655,14.69763
383,43.66372,6.174114,14.68226
384,43.66372,6.174114,15.3118
385,43.66372,5.857293,15.31579
386,43.66372,5.857293,15.90948
387,43.66372,5.422118,13.85637
388,43.66372,5.422118,14.48795
389,43.66372,5.422118,14.17045
390,43.66372,6.254655,15.32696
391,43.66372,5.422118,14.60014
392,43.66372,5.857293,15.03672
393,43.66372,5.422118,15.02478
394,43.66372,6.174114,15.49229
395,43.66372,5.857293,14.43292
396,43.66372,6.174114,14.76137
397,43.66372,5.857293,15.0313
398,43.66372,5.857293,15.46179
399,43.66372,5.422118,14.1502
400,43.66372,6.174114,15.67816
401,43.66372,5.857293,15.52563
402,43.66372,5.422118,14.78578
403,43.66372,5.422118,14.25518
404,43.66372,6.174114,14.90497
405,43.66372,5.422118,15.77927
406,43.66372,5.857293,15.75051
407,43.66372,6.174114,15.72252
408,43.66372,5.422118,15.12792
409,43.66372,5.857293,14.63979
410,43.66372,5.573968,14.73496
411,43.66372,5.422118,15.53029
412,43.66372,5.573968,13.71541
413,43.66372,5.573968,14.89582
414,43.66372,6.254655,13.95081
415,43.66372,5.573968,13.77316
416,43.66372,5.857293,13.88432
417,43.66372,5.422118,14.24033
418,43.66372,5.573968,14.47744
419,43.66372,5.573968,14.57025
420,43.66372,6.254655,14.4757
421,43.66372,5.573968,14.99867
422,43.66372,5.857293,14.88695
423,43.66372,6.254655,16.21164
424,43.66372,5.422118,14.49977
425,43.66372,5.573968,14.22847
426,43.66372,5.857293,14.91591
427,43.66372,5.573968,14.47285
428,43.66372,5.422118,14.12666
429,43.66372,6.610242,14.61739
430,43.66372,5.857293,14.58802
431,43.66372,5.573968,14.83634
432,43.66372,6.174114,14.63596
433,43.66372,6.254655,14.2361
434,43.66372,5.422118,14.69023
435,43.66372,5.857293,14.28135
436,43.66372,5.857293,14.19834
437,43.66372,5.573968,14.23307
438,43.66372,5.573968,14.11604
439,43.66372,5.618439,14.0873
440,43.66372,5.573968,14.48305
441,43.66372,5.422118,14.92365
442,43.66372,5.573968,15.174
443,43.66372,5.857293,14.42284
444,43.66372,6.254655,14.30006
445,43.66372,5.422118,14.58754
446,43.66372,7.180096,14.76034
447,43.66372,5.422118,14.29381
448,43.66372,5.422118,13.95071
449,43.66372,5.422118,14.94888
450,43.66372,6.174114,14.95789
451,43.66372,5.857293,14.67694
452,43.66372,6.174114,14.59791
453,43.66372,5.857293,15.05037
454,43.66372,6.254655,14.35031
455,43.66372,5.422118,15.24487
456,43.66372,5.573968,14.52882
457,43.66372,5.422118,13.87283
458,43.66372,5.573968,14.03754
459,43.66372,5.422118,15.43403
460,43.66372,6.254655,14.34842
461,43.66372,5.422118,14.87038
462,43.66372,5.422118,14.95526
463,43.66372,6.254655,14.21022
464,43.66372,5.857293,13.75687
465,43.66372,5.573968,15.05561
466,43.66372,5.857293,14.36415
467,43.66372,6.174114,14.39682
468,43.66372,5.857293,15.02447
469,43.66372,5.573968,14.21241
470,43.66372,5.422118,14.66527
471,43.66372,6.254655,14.97344
472,43.66372,5.857293,14.36239
473,43.66372,5.573968,14.88578
474,43.66372,5.857293,14.49158
475,43.66372,5.573968,13.79505
476,43.66372,5.422118,14.85854
477,43.66372,5.422118,14.13816
478,43.66372,6.174114,14.92368
479,43.66372,5.422118,15.59452
480,43.66372,5.857293,14.5394
481,43.66372,6.174114,15.11849
482,43.66372,5.422118,15.4191
483,43.66372,5.422118,14.44296
484,43.66372,6.610242,13.97437
485,43.66372,5.857293,15.15219
486,43.66372,5.422118,13.75481
487,43.66372,6.75,14.7221
488,43.66372,6.174114,14.25231
489,43.66372,5.573968,13.95366
490,43.66372,5.857293,14.1095
491,43.66372,5.857293,14.39218
492,43.66372,6.174114,14.53529
493,43.66372,5.422118,14.72314
494,43.66372,5.573968,14.32182
495,43.66372,5.422118,13.57056
496,43.66372,6.174114,14.36664
497,43.66372,5.422118,13.64961
498,43.66372,5.573968,14.31878
499,43.66372,5.422118,14.23004
500,43.66372,6.254655,14.66277
501,43.66372,5.422118,15.97903
502,43.66372,5.422118,14.90616
503,43.66372,5.573968,14.83481
504,43.66372,5.573968,14.1662
505,43.66372,5.422118,15.69215
506,43.66372,6.174114,14.54468
507,43.66372,5.857293,15.75645
508,43.66372,5.573968,14.63938
509,43.66372,5.573968,15.04823
510,43.66372,5.422118,13.36798
511,43.66372,5.857293,14.60795
512,43.66372,5.422118,14.09262
513,43.66372,6.174114,13.79913
514,43.66372,5.857293,13.838
515,43.66372,5.422118,14.84385
516,43.66372,6.254655,14.14347
517,43.66372,5.422118,14.83593
518,43.66372,5.573968,14.40727
519,43.66372,5.422118,15.4338
520,43.66372,6.254655,14.17887
521,43.66372,5.422118,13.87053
522,43.66372,5.857293,14.58049
523,43.66372,5.422118,14.29502
524,43.66372,5.573968,15.31728
525,43.66372,5.422118,15.06524
526,43.66372,5.422118,14.70246
527,43.66372,6.174114,14.19554
528,43.66372,6.174114,15.22647
529,43.66372,6.610242,15.20372
530,43.66372,5.422118,14.57181
531,43.66372,5.573968,15.14227
532,43.66372,5.573968,13.85405
533,43.66372,5.422118,14.1195
534,43.66372,5.422118,15.06928
535,43.66372,6.610242,14.2898
536,43.66372,6.610242,14.0318
537,43.66372,6.920034,14.04708
538,43.66372,6.174114,14.90908
539,43.66372,5.422118,13.63897
540,43.66372,6.610242,14.85734
541,43.66372,6.254655,14.354
542,43.66372,5.857293,15.33574
543,43.66372,6.174114,15.62171
544,43.66372,5.857293,14.20944
545,43.66372,5.422118,14.93638
546,43.66372,6.174114,14.63608
547,43.66372,6.174114,13.94212
548,43.66372,5.573968,14.64073
549,43.66372,5.573968,14.03617
550,43.66372,6.174114,14.34426
551,43.66372,6.174114,14.38646
552,43.66372,5.857293,15.08067
553,43.66372,6.920034,14.80042
554,43.66372,6.174114,14.58985
555,43.66372,6.610242,14.58821
556,43.66372,5.573968,15.18812
557,43.66372,5.573968,15.19818
558,43.66372,5.857293,15.2458
559,43.66372,6.174114,15.8897
560,43.66372,5.422118,15.28553
561,43.66372,6.174114,14.4462
562,43.66372,5.422118,14.6295
563,43.66372,5.573968,15.11514
564,43.66372,5.422118,14.51058
565,43.66372,5.857293,14.95552
566,43.66372,5.573968,14.69307
567,43.66372,5.857293,14.5643
568,43.66372,5.573968,14.65427
569,43.66372,5.422118,14.78735
570,43.66372,5.573968,15.30917
571,43.66372,6.174114,15.47763
572,43.66372,6.254655,15.43202
573,43.66372,6.174114,14.81988
574,43.66372,5.857293,15.41512
575,43.66372,5.573968,16.15479
576,43.66372,5.422118,15.43425
577,43.66372,5.422118,15.52104
578,43.66372,5.422118,14.63718
579,43.66372,5.857293,14.17052
580,43.66372,5.422118,15.2124
581,43.66372,5.857293,14.69865
582,43.66372,5.422118,15.57911
583,43.66372,5.422118,14.29376
584,43.66372,5.857293,14.32798
585,43.66372,5.422118,14.21278
586,43.66372,5.573968,14.59501
587,43.66372,5.422118,14.78743
588,43.66372,5.857293,15.74035
589,43.66372,5.422118,14.65955
590,43.66372,5.422118,13.89871
591,43.66372,5.857293,14.03008
592,43.66372,5.573968,14.69481
593,43.66372,5.857293,14.39008
594,43.66372,5.422118,14.19706
595,43.66372,5.422118,13.75263
596,43.66372,5.573968,14.9838
597,43.66372,5.857293,14.77625
598,43.66372,5.857293,14.37139
599,43.66372,5.857293,15.57353
600,43.66372,5.422118,13.60373
601,43.66372,5.857293,15.37474
602,43.66372,5.422118,15.86437
603,43.66372,6.174114,15.35175
604,43.66372,5.422118,15.41635
605,43.66372,5.422118,15.56068
606,43.66372,6.920034,16.16375
607,43.66372,5.857293,15.56918
608,43.66372,5.422118,16.64392
609,43.66372,5.857293,16.17735
610,43.66372,5.422118,16.42734
611,43.66372,5.422118,17.54411
612,43.66372,6.254655,17.12353
613,43.66372,5.422118,16.16126
614,43.66372,6.174114,16.85802
615,43.66372,5.422118,16.01663
616,43.66372,5.857293,16.0457
617,43.66372,6.174114,16.35852
618,43.66372,6.174114,16.8215
619,43.66372,5.422118,16.13516
620,43.66372,6.610242,14.70632
621,43.66372,5.573968,15.43499
622,43.66372,5.857293,15.21582
623,43.66372,5.573968,15.99798
624,43.66372,6.174114,16.59437
625,43.66372,5.422118,15.93524
626,43.66372,7.180096,16.76445
627,43.66372,5.422118,16.96802
628,43.66372,5.573968,17.52804
629,43.66372,5.573968,17.49576
630,43.66372,5.573968,18.2547
631,43.66372,5.573968,16.94889
632,43.66372,5.857293,15.90524
633,43.66372,5.857293,17.82653
634,43.66372,5.573968,16.62865
635,43.66372,5.422118,17.19025
636,43.66372,6.174114,17.66896

RunNumber,Mutation Rate,Population Size,Gene Size,Parallel, Fixed RNG Seed,Selection Percentage,Elitist Selection Percentage
3,0.15,100,1000,False,True,0.5,0.05

Generation,Best Fitness,Lowest Fitness,Average Fitness
0,24.38963,0,10.95259
1,25.4261,5.573968,11.79702
2,28.77386,5.857293,12.66983
3,28.77386,5.573968,12.53223

RunNumber,Mutation Rate,Population Size,Gene Size,Parallel, Fixed RNG Seed,Selection Percentage,Elitist Selection Percentage
4,0.15,100,1000,True,True,0.5,0.05

Generation,Best Fitness,Lowest Fitness,Average Fitness
0,30.96464,5.422118,10.75831
1,30.96464,6.254655,12.3394
2,30.96464,5.857293,12.62058
3,30.96464,5.422118,13.32471
4,34.7377,6.174114,12.56291
5,34.7377,5.422118,12.76847
6,36.96262,5.857293,12.77905
7,36.96262,6.174114,12.62933
8,36.96262,5.422118,12.93686
9,36.96262,5.573968,13.14354
10,36.96262,5.422118,13.00029
11,36.96262,5.857293,12.72379
12,36.96262,5.857293,13.42472
13,36.96262,5.857293,13.29612
14,36.96262,5.857293,13.86051
15,37.80621,5.857293,12.96579
16,37.80621,5.573968,13.39402
17,37.80621,5.422118,13.52845
18,37.80621,6.610242,14.06241
19,37.80621,5.573968,13.13851
20,37.80621,5.422118,13.28963
21,37.80621,5.573968,12.8419
22,37.80621,6.254655,14.08462
23,37.80621,5.237461,13.01517
24,37.80621,5.422118,13.65826
25,37.80621,5.573968,13.42231
26,37.80621,5.573968,13.44793
27,37.80621,5.857293,14.16341
28,37.80621,5.422118,13.12761
29,37.80621,5.573968,12.78539
30,37.80621,5.857293,13.16885
31,37.80621,5.857293,12.48652
32,37.80621,5.573968,13.07789
33,37.80621,5.857293,13.73815
34,37.80621,5.422118,12.29307
35,37.80621,5.422118,13.11411
36,37.80621,5.857293,13.38119
37,37.80621,5.422118,13.96212
38,37.80621,5.422118,13.82814
39,37.80621,5.857293,13.353
40,37.80621,5.573968,13.41679
41,37.80621,5.573968,13.25026
42,37.80621,5.857293,13.22021
43,37.80621,5.573968,14.21559
44,37.80621,5.422118,13.66115
45,37.80621,5.573968,13.1119
46,37.80621,5.573968,12.88288
47,37.80621,6.254655,13.55107
48,37.80621,5.422118,12.54412
49,37.80621,5.857293,12.90034
50,37.80621,6.174114,14.18637
51,37.80621,6.254655,12.88086
52,37.80621,5.573968,12.9645
53,37.80621,5.422118,13.45536
54,37.80621,5.422118,12.8646
55,37.80621,6.254655,14.10321
56,37.80621,5.857293,13.00346
57,37.80621,5.422118,13.02042
58,37.80621,5.422118,12.94524
59,37.80621,5.422118,13.29333
60,37.80621,5.857293,13.5909
61,37.80621,5.573968,12.31234
62,37.80621,5.422118,13.21358
63,37.80621,3.618479,14.23641
64,37.80621,6.254655,12.75911
65,37.80621,5.857293,13.14936
66,37.80621,5.573968,14.30234
67,37.80621,5.857293,13.54344
68,37.80621,6.254655,14.07635
69,37.80621,5.857293,13.59331
70,37.80621,5.573968,13.98785
71,37.80621,6.254655,13.54148
72,37.80621,5.857293,12.9376
73,37.80621,5.422118,13.29129
74,37.80621,5.857293,14.10908
75,37.80621,5.857293,13.64096
76,37.80621,5.422118,13.74752
77,37.80621,6.174114,13.64631
78,37.80621,5.422118,12.48436
79,37.80621,5.422118,13.77068
80,37.80621,5.422118,12.95811
81,37.80621,6.254655,13.83416
82,37.80621,6.254655,13.51591
83,37.80621,5.422118,13.33224
84,37.80621,5.573968,13.50187
85,37.80621,5.422118,13.17955
86,37.80621,5.857293,13.99866
87,37.80621,5.422118,13.73843
88,37.80621,5.857293,13.4949
89,37.80621,5.422118,13.43491
90,37.80621,6.174114,13.54719
91,37.80621,5.422118,13.67205
92,37.80621,5.857293,13.20873
93,37.80621,5.857293,13.75396
94,37.80621,5.857293,13.34827
95,37.80621,5.857293,14.10843
96,37.80621,5.857293,12.59936
97,37.80621,5.573968,14.13532
98,37.80621,5.573968,14.07336
99,37.80621,5.422118,13.03997
100,37.80621,5.573968,13.60703
101,37.80621,5.422118,13.63247
102,37.80621,6.254655,13.93079
103,37.80621,5.422118,12.81854
104,37.80621,6.254655,12.91912
105,37.80621,5.573968,12.5876
106,37.80621,5.857293,12.31997
107,37.80621,6.174114,12.83969
108,37.80621,6.610242,13.96269
109,37.80621,6.254655,13.74191
110,37.80621,5.857293,13.83989
111,37.80621,5.573968,14.62735
112,38.91109,5.857293,13.52906
113,38.91109,6.174114,13.58007
114,38.91109,6.174114,13.05172
115,38.91109,5.573968,13.37164
116,38.91109,5.422118,14.7554
117,38.91109,6.254655,14.45585
118,38.91109,6.174114,13.35935
119,38.91109,5.857293,13.95855
120,38.91109,5.422118,14.5863
121,38.91109,6.174114,13.70449
122,38.91109,5.422118,13.99013
123,38.91109,5.573968,13.64686
124,38.91109,6.174114,13.97872
125,38.91109,5.857293,13.46702
126,38.91109,5.422118,13.21509
127,38.91109,5.857293,13.7998
128,38.91109,5.573968,12.58001
129,38.91109,5.857293,13.97191
130,38.91109,5.857293,13.52275
131,38.91109,6.174114,13.7465
132,38.91109,5.422118,13.50543
133,38.91109,5.573968,13.37278
134,38.91109,5.573968,13.39439
135,38.91109,5.422118,12.98844
136,38.91109,5.573968,13.38926
137,38.91109,5.422118,13.20709
138,38.91109,5.422118,12.73067
139,38.91109,5.422118,13.20148
140,38.91109,5.422118,12.70513
141,38.91109,6.174114,13.92119
142,38.91109,5.573968,13.05633
143,38.91109,6.174114,14.46536
144,38.91109,5.857293,13.14777
145,38.91109,6.254655,14.1332
146,38.91109,5.422118,12.89324
147,38.91109,6.174114,13.19899
148,38.91109,6.174114,13.3514
149,38.91109,5.857293,13.78904
150,38.91109,5.422118,14.27306
151,38.91109,5.857293,14.00704
152,38.91109,5.422118,13.15472
153,38.91109,6.174114,13.8747
154,38.91109,5.573968,13.54715
155,38.91109,5.857293,13.11042
156,38.91109,6.920034,13.53658
157,38.91109,5.573968,14.39865
158,38.91109,5.422118,14.09922
159,38.91109,5.857293,13.53238
160,38.91109,6.610242,13.89046
161,38.91109,6.174114,15.20517
162,38.91109,6.254655,14.43746
163,38.91109,6.610242,14.10056
164,38.91109,6.174114,13.39918
165,38.91109,5.573968,13.62465
166,38.91109,5.422118,14.4437
167,38.91109,5.573968,13.9207
168,38.91109,5.422118,13.23665
169,38.91109,6.610242,13.5727
170,38.91109,5.422118,13.9979
171,38.91109,5.422118,14.49345
172,38.91109,5.857293,14.82732
173,38.91109,5.422118,14.24098
174,38.91109,5.573968,13.58412
175,38.91109,5.573968,13.77333
176,38.91109,5.573968,13.88499
177,38.91109,5.857293,14.50316
178,38.91109,5.422118,13.89781
179,38.91109,5.573968,14.2774
180,38.91109,5.422118,14.07598
181,38.91109,6.174114,15.07944
182,38.91109,6.174114,14.36299
183,38.91109,5.422118,13.94421
184,38.91109,5.422118,13.39611
185,38.91109,6.254655,13.9668
186,38.91109,5.422118,13.77186
187,38.91109,6.254655,13.8002
188,38.91109,5.422118,14.5561
189,38.91109,5.422118,15.02878
190,38.91109,5.857293,13.78278
191,38.91109,6.174114,14.62202
192,38.91109,5.857293,13.87366
193,38.91109,6.174114,13.11706
194,38.91109,5.857293,13.18133
195,38.91109,5.573968,13.71352
196,38.91109,5.573968,13.32817
197,38.91109,5.422118,13.9952
198,38.91109,5.573968,13.07195
199,38.91109,6.254655,14.66986
200,38.91109,5.422118,14.98966
201,38.91109,5.857293,14.94785
202,38.91109,6.610242,14.77692
203,38.91109,5.422118,15.12707
204,38.91109,5.573968,13.93386
205,38.91109,5.573968,14.25826
206,38.91109,5.857293,14.28771
207,38.91109,6.174114,15.351
208,38.91109,6.610242,14.62352
209,38.91109,5.573968,13.69246
210,38.91109,6.174114,13.16984
211,38.91109,6.254655,14.11055
212,38.91109,5.857293,13.34986
213,38.91109,5.857293,13.10625
214,38.91109,5.422118,12.79467
215,38.91109,5.422118,13.24656
216,38.91109,6.174114,13.84886
217,38.91109,5.857293,12.91396
218,38.91109,5.422118,12.85565
219,38.91109,6.254655,13.09978
220,38.91109,6.610242,13.50692
221,38.91109,5.422118,14.01579
222,38.91109,6.174114,14.85704
223,38.91109,5.422118,13.29271
224,38.91109,5.857293,14.26215
225,38.91109,5.857293,14.08403
226,38.91109,5.857293,13.92718
227,38.91109,5.857293,13.82243
228,38.91109,5.857293,13.99848
229,38.91109,6.269345,14.60715
230,38.91109,6.174114,14.45113
231,38.91109,6.174114,13.90857
232,38.91109,5.422118,14.00224
233,38.91109,5.857293,14.08593
234,38.91109,5.422118,13.8294
235,38.91109,5.422118,13.48509
236,38.91109,6.174114,13.56906
237,38.91109,6.254655,13.71306
238,38.91109,5.857293,13.71859
239,38.91109,6.174114,13.52582
240,38.91109,5.422118,14.06376
241,38.91109,5.573968,13.79797
242,38.91109,5.857293,14.00885
243,38.91109,5.573968,13.3869
244,38.91109,6.254655,13.27026
245,38.91109,5.857293,14.2545
246,38.91109,5.422118,13.01552
247,38.91109,5.422118,12.92942
248,38.91109,5.422118,13.54283
249,38.91109,5.573968,13.51167
250,38.91109,5.422118,14.06653
251,38.91109,5.573968,13.11385
252,38.91109,5.573968,14.05462
253,38.91109,5.857293,13.25303
254,38.91109,5.422118,12.92633
255,38.91109,6.75,13.32113
256,38.91109,6.75,12.99118
257,38.91109,5.422118,13.37902
258,38.91109,5.422118,14.31542
259,38.91109,5.422118,12.8604
260,38.91109,5.422118,13.34028
261,38.91109,5.422118,13.52109
262,38.91109,5.573968,13.8889
263,38.91109,5.573968,12.78503
264,38.91109,5.422118,13.81187
265,38.91109,6.254655,13.41668
266,38.91109,5.573968,13.46937
267,38.91109,5.422118,13.26086
268,38.91109,6.174114,13.34809
269,38.91109,5.422118,13.31603
270,38.91109,6.75,14.04748
271,38.91109,5.422118,13.18765
272,38.91109,5.422118,13.57267
273,38.91109,5.857293,13.58239
274,39.33137,5.422118,14.32575
275,39.33137,5.857293,12.91142
276,39.33137,5.573968,14.29266
277,39.33137,6.174114,13.35755
278,39.33137,5.422118,13.78951
279,39.33137,5.422118,13.45498
280,39.33137,6.174114,13.31039
281,39.33137,5.857293,13.02773
282,39.33137,5.857293,13.10576
283,39.33137,5.573968,13.8645
284,39.33137,5.857293,14.06216
285,39.33137,5.422118,14.25167
286,39.33137,5.857293,13.66897
287,39.33137,5.857293,14.08604
288,39.33137,5.422118,13.56219
289,39.33137,5.857293,13.81304
290,39.33137,5.857293,13.11878
291,39.33137,6.174114,13.98932
292,39.33137,5.422118,13.80903
293,39.33137,5.573968,13.99924
294,39.33137,5.422118,13.08384
295,39.33137,6.174114,13.58365
296,39.33137,5.857293,13.50367
297,39.33137,6.174114,13.71544
298,39.33137,5.857293,13.61446
299,39.33137,5.573968,13.09986
300,39.33137,5.857293,13.25244
301,39.33137,6.254655,14.0829
302,39.33137,5.857293,13.27183
303,39.33137,6.174114,13.58661
304,39.33137,6.174114,13.6312
305,39.33137,5.857293,13.98373
306,39.33137,5.422118,13.28138
307,39.33137,5.422118,13.17018
308,39.33137,5.422118,14.29918
309,39.33137,5.422118,13.40259
310,39.33137,5.422118,13.13762
311,39.33137,5.857293,13.80853
312,39.33137,5.857293,13.77581
313,39.33137,5.573968,13.77372
314,39.33137,5.857293,14.33975
315,39.33137,5.857293,14.66595
316,39.33137,5.422118,13.75796
317,39.33137,6.174114,13.1449
318,39.33137,6.174114,13.57721
319,39.33137,5.857293,13.87823
320,39.33137,5.857293,14.37691
321,39.33137,5.573968,13.54407
322,39.33137,6.174114,13.49641
323,39.33137,5.573968,13.1846
324,39.33137,5.422118,13.50464
325,39.33137,5.573968,13.36386
326,39.33137,5.573968,13.84444
327,39.33137,6.254655,14.21675
328,39.33137,6.254655,13.93754
329,39.33137,5.422118,13.48167
330,39.33137,5.422118,13.98591
331,39.33137,5.857293,13.7813
332,39.33137,5.573968,14.43511
333,39.33137,5.573968,14.17857
334,39.33137,5.573968,13.29551
335,39.33137,5.422118,13.94249
336,39.33137,5.422118,13.40285
337,39.33137,5.857293,13.21468
338,39.33137,6.174114,13.77881
339,39.33137,5.857293,13.92586
340,39.33137,5.573968,13.46257
341,39.33137,6.610242,14.14238
342,39.33137,5.857293,13.98032
343,39.33137,6.75,14.10818
344,39.33137,5.422118,14.15439
345,39.33137,5.422118,13.11084
346,39.33137,6.610242,13.5708
347,39.33137,6.174114,13.44456
348,39.33137,5.857293,14.12185
349,39.33137,5.573968,13.68976
350,39.33137,6.174114,14.37516
351,39.33137,5.857293,14.13348
352,39.33137,5.472759,13.64931
353,39.33137,6.254655,12.97717
354,39.33137,5.573968,13.60138
355,39.33137,6.254655,14.54254
356,39.33137,5.857293,14.06651
357,39.33137,5.857293,14.21557
358,39.33137,6.254655,15.46075
359,39.61354,5.857293,15.77836
360,39.61354,5.422118,13.95684
361,39.61354,6.610242,13.97023
362,39.61354,5.422118,14.02489
363,39.61354,5.422118,13.83138
364,39.61354,5.573968,15.14764
365,39.61354,5.573968,14.10458
366,39.61354,5.857293,14.11221
367,39.61354,5.422118,14.1959
368,39.61354,5.422118,14.01528
369,39.61354,5.422118,14.04387
370,39.61354,5.422118,14.60098
371,39.61354,5.573968,13.42367
372,39.61354,5.422118,14.60234
373,39.61354,5.573968,13.37184
374,39.61354,6.610242,14.10613
375,39.61354,5.573968,13.98798
376,39.61354,6.174114,13.49065
377,39.61354,5.857293,13.62387
378,39.61354,5.573968,14.22798
379,39.61354,6.254655,14.01274
380,39.61354,6.254655,14.7675
381,39.61354,5.422118,14.05158
382,40.14401,6.174114,14.92874
383,40.14401,5.857293,14.15569
384,40.14401,5.422118,14.50654
385,40.14401,5.422118,13.51891
386,40.14401,5.422118,13.7559
387,40.14401,5.857293,13.89412
388,40.14401,5.422118,13.29916
389,40.14401,5.422118,13.71379
390,40.14401,5.573968,13.78887
391,40.14401,5.857293,15.68039
392,40.14401,5.573968,14.87084
393,40.14401,5.422118,15.39065
394,40.14401,5.422118,14.49825
395,40.14401,6.254655,14.39199
396,40.14401,5.573968,15.07592
397,40.14401,6.174114,14.7729
398,40.14401,5.573968,13.98874
399,40.14401,5.422118,13.69654
400,40.14401,5.573968,14.31107
401,40.14401,5.857293,14.32708
402,45.24184,5.573968,14.15023
403,45.24184,6.610242,14.32845

RunNumber,Mutation Rate,Population Size,Gene Size,Parallel, Fixed RNG Seed,Selection Percentage,Elitist Selection Percentage
1,0.15,100,1000,True,True,0.5,0.05

Generation,Best Fitness,Lowest Fitness,Average Fitness
0,23.18066,6.254655,10.92524
1,27.67401,5.422118,11.46879
2,27.67401,6.174114,11.67441
3,27.67401,5.857293,11.91118
4,27.67401,6.174114,11.7581
5,27.67401,6.174114,12.32081
6,29.38527,5.857293,12.43701
7,29.38527,5.857293,12.38106
8,29.38527,5.573968,11.74183
9,29.38527,6.254655,12.03816
10,29.38527,5.857293,12.14332
11,29.38527,5.573968,12.39116
12,29.38527,5.573968,12.19287
13,29.38527,5.422118,12.07298
14,29.38527,5.857293,11.81591
15,29.38527,5.857293,12.82867
16,29.38527,5.857293,12.25713
17,29.38527,5.573968,13.05963
18,31.15518,5.422118,14.5842
19,31.15518,5.857293,12.83264
20,31.15518,5.422118,12.5624
21,31.15518,5.422118,13.07892
22,31.15518,5.422118,13.21011
23,31.15518,5.422118,13.91611
24,38.64458,6.174114,15.08252
25,38.64458,5.573968,15.9041
26,38.64458,5.573968,14.56365
27,38.64458,6.174114,14.53353
28,38.64458,5.857293,14.25965
29,38.64458,6.174114,14.32931
30,38.64458,5.857293,14.7765
31,38.64458,5.422118,13.97582
32,38.64458,5.857293,13.44007
33,38.64458,5.857293,14.03366
34,38.64458,5.573968,15.37807
35,38.64458,5.422118,14.79653
36,38.64458,5.857293,15.17917
37,38.64458,5.422118,14.3452
38,39.03448,5.573968,14.42846
39,39.03448,5.857293,15.37794
40,39.03448,5.857293,14.77229
41,39.03448,5.573968,14.71429
42,39.03448,6.174114,14.01944
43,39.03448,5.422118,14.00983
44,39.03448,6.254655,14.58666
45,39.03448,6.254655,14.95271
46,39.03448,6.254655,14.53563
47,39.03448,6.174114,14.35779
48,39.03448,6.920034,15.16628
49,39.03448,5.573968,14.59147
50,39.03448,6.254655,13.47682
51,39.03448,6.174114,14.48561
52,39.03448,6.610242,13.66106
53,39.03448,6.174114,14.69491
54,39.03448,5.573968,15.06073
55,39.03448,5.857293,14.91929
56,39.03448,5.422118,15.57012
57,39.03448,5.422118,13.73242
58,39.03448,6.174114,14.22113
59,39.03448,6.254655,14.04859
60,39.03448,5.857293,13.88298
61,39.03448,5.422118,13.06113
62,39.03448,5.422118,13.75156
63,39.03448,5.422118,13.947
64,39.03448,5.857293,13.77146
65,39.03448,5.857293,14.56094
66,39.03448,6.174114,14.08306
67,39.03448,6.174114,14.55447
68,39.03448,6.174114,13.24362
69,39.03448,6.174114,14.29033
70,39.03448,6.174114,13.99629
71,39.03448,5.573968,13.23036
72,39.03448,5.422118,13.04343
73,39.03448,5.422118,14.22971
74,39.03448,5.422118,13.88259
75,39.03448,6.174114,13.75471
76,39.03448,5.857293,13.39205
77,39.03448,6.254655,12.96858
78,39.03448,5.573968,12.65627
79,39.03448,5.857293,13.49761
80,39.03448,5.857293,14.69714
81,39.03448,5.422118,14.75261
82,39.03448,5.422118,13.50448
83,39.03448,5.857293,13.66338
84,39.03448,6.174114,13.86474
85,39.03448,5.573968,14.27533
86,39.03448,6.174114,14.44308
87,39.03448,6.174114,14.65621
88,39.03448,5.857293,15.01552
89,39.03448,6.174114,14.22349
90,39.03448,6.174114,14.43635
91,39.03448,5.573968,13.80508
92,39.03448,5.422118,14.39009
93,42.79912,6.254655,15.22783
94,42.79912,6.254655,14.15492
95,42.79912,5.857293,14.44785
96,42.79912,5.422118,14.2002
97,42.79912,5.573968,13.65541
98,42.79912,5.422118,15.06099
99,42.79912,6.174114,14.94325
100,42.79912,5.422118,14.0738
101,42.79912,6.174114,14.06921
102,42.79912,5.857293,14.75671
103,42.79912,5.857293,14.66028
104,42.79912,5.857293,15.20326
105,42.79912,5.422118,13.92072
106,42.79912,5.573968,14.62971
107,42.79912,6.174114,14.46613
108,42.79912,5.422118,14.51645
109,42.79912,5.422118,15.42495
110,42.79912,5.573968,16.27077
111,42.79912,5.422118,13.94121
112,42.79912,5.573968,13.28916
113,42.79912,6.610242,15.2934
114,42.79912,6.610242,15.34286
115,42.79912,5.573968,14.71146
116,42.79912,5.573968,15.47614
117,42.79912,5.422118,15.2775
118,42.79912,5.422118,15.07905
119,42.79912,6.174114,14.48115
120,42.79912,5.857293,14.20659
121,42.79912,5.857293,15.58897
122,42.79912,5.573968,15.06388
123,42.79912,5.422118,14.70909
124,42.79912,5.857293,14.308
125,42.79912,5.422118,16.09236
126,42.79912,6.174114,14.77024
127,42.79912,6.174114,14.967
128,42.79912,5.573968,14.93473
129,42.79912,5.573968,15.22817
130,42.79912,5.422118,15.20745
131,42.79912,6.174114,14.91521
132,42.79912,5.573968,15.09459
133,42.79912,6.254655,14.83846
134,42.79912,5.573968,13.90412
135,42.79912,6.174114,15.12901
136,42.79912,5.857293,14.35415
137,42.79912,5.573968,14.71316
138,42.79912,6.75,15.41709
139,42.79912,6.174114,16.03961
140,42.79912,5.573968,15.01832
141,42.79912,5.857293,14.55851
142,42.79912,5.857293,14.30992
143,42.79912,5.422118,14.52724
144,42.79912,5.422118,15.06367
145,42.79912,5.857293,15.29359
146,42.79912,5.422118,15.02212
147,42.79912,5.857293,14.06077
148,42.79912,6.174114,13.96899
149,42.79912,5.023656,14.19043
150,42.79912,6.254655,13.92232
151,42.79912,5.857293,14.55056
152,42.79912,5.573968,14.23753
153,42.79912,5.857293,15.17796
154,42.79912,6.128694,15.24335
155,42.79912,5.573968,14.54205
156,42.79912,5.857293,14.1709
157,42.79912,6.174114,14.99752
158,42.79912,5.857293,14.83069
159,42.79912,5.422118,15.15858
160,42.79912,5.422118,15.19873
161,42.79912,5.422118,16.14288
162,42.79912,5.573968,14.9762
163,42.79912,5.422118,14.60701
164,42.79912,5.422118,13.85514
165,42.79912,5.573968,14.50853
166,42.79912,5.857293,13.71772
167,42.79912,6.174114,14.84165
168,42.79912,5.422118,14.3305
169,42.79912,6.174114,15.53186
170,42.79912,5.573968,14.48683
171,42.79912,5.422118,14.71659
172,42.79912,5.857293,14.43271
173,42.79912,5.422118,14.09893
174,42.79912,5.573968,15.10447
175,42.79912,6.174114,14.64623
176,42.79912,6.254655,15.04391
177,42.79912,4.611755,14.78698
178,42.79912,6.174114,14.4887
179,42.79912,5.573968,14.61579
180,42.79912,6.174114,15.26263
181,42.79912,6.254655,14.67157
182,42.79912,6.254655,14.88671
183,42.79912,5.422118,15.16578
184,42.79912,5.422118,14.93142
185,42.79912,5.422118,13.61051
186,42.79912,5.422118,14.50468
187,42.79912,5.422118,14.95408
188,42.79912,5.857293,14.02851
189,42.79912,5.422118,14.90554
190,42.79912,6.75,14.83829
191,42.79912,5.573968,13.92761
192,42.79912,5.573968,13.62686
193,42.79912,5.422118,14.17911
194,42.79912,6.254655,14.84649
195,42.79912,5.422118,14.32305
196,42.79912,6.610242,13.93167
197,42.79912,5.422118,14.89664
198,42.79912,5.422118,14.58399
199,42.79912,5.422118,15.27656
200,42.79912,5.857293,14.50584
201,42.79912,5.857293,15.84814
202,42.79912,6.254655,15.18907
203,42.79912,5.422118,13.96391
204,42.79912,5.422118,13.81905
205,42.79912,5.573968,14.15638
206,42.79912,5.857293,15.31012
207,42.79912,5.857293,14.9156
208,42.79912,5.857293,14.99629
209,42.79912,5.857293,15.25373
210,42.79912,5.573968,15.88256
211,42.79912,5.422118,15.70622
212,42.79912,5.857293,15.07034
213,42.79912,5.573968,15.28857
214,42.79912,5.573968,14.85157
215,42.79912,6.174114,14.41718
216,42.79912,5.422118,14.10867
217,42.79912,6.174114,14.84458
218,42.79912,6.174114,14.99389
219,42.79912,5.422118,14.02318
220,42.79912,5.857293,14.28303
221,42.79912,6.610242,14.2543
222,42.79912,5.573968,14.55245
223,42.79912,5.573968,14.02589
224,42.79912,6.174114,14.8522
225,42.79912,5.422118,14.63005
226,42.79912,5.422118,15.08258
227,42.79912,5.857293,14.00616
228,42.79912,6.174114,14.65131
229,42.79912,5.422118,14.177
230,42.79912,5.573968,13.68889
231,42.79912,5.857293,14.44131
232,42.79912,5.718382,14.11741
233,42.79912,5.573968,14.43344
234,42.79912,6.174114,15.60962
235,42.79912,5.857293,14.45425
236,42.79912,6.254655,14.769
237,42.79912,5.857293,15.1346
238,42.79912,6.610242,14.77369
239,42.79912,6.75,14.86063
240,42.79912,5.857293,15.77428
241,42.79912,5.422118,14.87176
242,42.79912,6.174114,14.40122
243,42.79912,5.573968,14.23807
244,42.79912,5.857293,14.9234
245,42.79912,5.573968,14.26709
246,42.79912,6.254655,14.89447
247,42.79912,6.254655,14.84221
248,42.79912,5.422118,14.44513
249,42.79912,5.857293,13.55838
250,42.79912,5.573968,14.75276
251,42.79912,5.857293,14.20505
252,42.79912,5.422118,13.65018
253,42.79912,6.174114,16.01725
254,42.79912,5.857293,14.99805
255,42.79912,5.857293,14.32793
256,42.79912,5.422118,13.43577
257,42.79912,5.857293,14.59953
258,42.79912,5.857293,13.95627
259,42.79912,5.573968,13.93184
260,42.79912,6.75,14.31513
261,42.79912,6.174114,13.55673
262,42.79912,5.857293,13.51614
263,42.79912,5.422118,13.804
264,42.79912,5.573968,14.04035
265,42.79912,5.422118,14.28769
266,42.79912,5.573968,15.36114

RunNumber,Mutation Rate,Population Size,Gene Size,Parallel, Fixed RNG Seed,Selection Percentage,Elitist Selection Percentage
2,0.15,100,1000,True,True,0.5,0.05

Generation,Best Fitness,Lowest Fitness,Average Fitness
0,30.51805,5.422118,11.41072
1,30.51805,4.119933,11.42353
2,30.96464,5.422118,11.91694
3,30.96464,6.254655,12.82989
4,30.96464,5.422118,12.50612
5,30.96464,5.422118,12.09126
6,30.96464,5.857293,12.33694
7,30.96464,5.857293,12.31898
8,30.96464,5.422118,12.94627
9,30.96464,2.744887,13.43611
10,30.96464,6.174114,13.21665
11,30.96464,6.920034,12.87443
12,30.96464,5.857293,13.0153
13,30.96464,6.75,13.53546
14,30.96464,5.422118,12.7819
15,31.15518,6.254655,12.61496
16,31.15518,6.174114,12.9453
17,31.15518,5.422118,12.74937
18,31.15518,5.573968,12.41943
19,31.15518,6.174114,13.24053
20,31.15518,5.573968,12.34933
21,32.21632,5.422118,12.55761
22,32.21632,5.422118,12.54906
23,32.21632,5.857293,12.96304
24,32.21632,5.573968,13.75121
25,32.21632,5.422118,14.03579
26,32.21632,5.422118,13.57129
27,32.21632,5.573968,13.61769
28,32.21632,6.610242,12.67931
29,32.21632,5.573968,12.76524
30,32.21632,6.610242,13.87004
31,32.21632,6.174114,12.47221
32,32.21632,5.857293,12.67516
33,32.60434,6.254655,12.12234
34,32.60434,5.422118,12.19955
35,32.60434,5.422118,12.61526
36,32.60434,5.573968,12.90462
37,32.60434,5.857293,12.24266
38,32.60434,5.422118,12.41581
39,32.60434,6.174114,12.8468
40,32.60434,5.422118,12.73254
41,32.60434,5.573968,12.53473
42,32.60434,5.422118,13.32562
43,32.60434,5.422118,12.73662
44,32.60434,5.573968,11.97031
45,32.60434,5.857293,12.59567
46,32.60434,5.422118,12.85228
47,32.60434,5.422118,12.31264
48,32.60434,5.422118,12.57814
49,32.60434,5.857293,12.14076
50,32.60434,5.857293,12.94304
51,32.60434,5.857293,13.20669
52,32.60434,5.422118,12.5049
53,32.60434,5.422118,12.49253
54,32.60434,6.174114,12.97283
55,32.60434,6.254655,12.84976
56,32.60434,5.422118,12.78162
57,32.60434,5.422118,13.66813
58,32.60434,5.422118,12.21091
59,32.60434,6.254655,12.69051
60,32.60434,5.422118,13.32098
61,32.60434,5.573968,12.73493
62,32.60434,6.254655,12.31949
63,32.60434,5.857293,12.71502
64,32.60434,5.573968,12.72569
65,32.60434,5.422118,12.88948
66,32.60434,5.422118,12.84857
67,32.60434,6.174114,12.98651
68,33.732,6.174114,13.76866
69,33.732,5.857293,13.99569
70,33.732,6.174114,12.72815
71,33.732,5.422118,12.51307
72,33.732,5.573968,12.85415
73,33.732,5.573968,12.45218
74,33.732,5.422118,12.94924
75,33.732,5.857293,13.04357
76,33.732,5.422118,12.58586
77,33.732,5.422118,11.38541
78,33.732,5.422118,11.95216
79,35.60455,6.174114,13.13458
80,35.60455,5.422118,12.20473
81,35.60455,5.422118,13.2057
82,35.60455,5.857293,13.4113
83,35.60455,5.857293,14.2928
84,35.60455,5.422118,13.18358
85,35.60455,5.573968,13.54597
86,35.60455,6.174114,13.55562
87,42.18765,5.422118,13.55154
88,42.18765,5.422118,14.07152
89,42.18765,5.422118,13.94825
90,42.18765,5.422118,12.97089
91,42.18765,5.422118,12.42321
92,42.18765,5.857293,13.35756
93,42.18765,5.573968,13.95356
94,42.18765,5.422118,14.16082
95,42.18765,5.857293,13.56629
96,42.18765,5.573968,13.95291
97,42.18765,5.573968,13.02718
98,42.18765,6.174114,13.66334
99,42.18765,5.857293,13.61438
100,42.18765,5.422118,13.2642
101,42.18765,5.422118,13.58766
102,42.18765,5.573968,13.80382
103,42.18765,5.573968,13.21624
104,42.18765,6.254655,14.07163
105,42.18765,5.857293,12.80048
106,42.18765,5.573968,13.37759
107,42.18765,5.422118,13.16449
108,42.18765,5.573968,12.95383
109,42.18765,5.422118,13.81417
110,42.18765,5.857293,13.29887
111,42.18765,5.573968,13.23282
112,42.18765,5.573968,13.67535
113,42.18765,6.75,14.31449
114,42.18765,5.573968,14.12482
115,42.18765,5.422118,12.7385
116,42.18765,5.422118,14.00837
117,42.18765,6.174114,13.89527
118,42.18765,5.422118,14.10252
119,42.18765,5.573968,14.33253
120,42.18765,6.610242,14.05209
121,42.18765,5.857293,13.121
122,42.18765,5.422118,14.14984
123,42.18765,6.174114,14.22778
124,42.18765,5.573968,13.01067
125,42.18765,5.573968,13.81427
126,42.18765,5.857293,13.40765
127,42.18765,5.857293,14.71761
128,42.18765,5.573968,14.23355
129,42.18765,5.857293,12.59525
130,42.18765,5.573968,13.78646
131,42.18765,6.174114,13.01657
132,42.18765,6.610242,13.5181
133,42.18765,5.857293,13.96837
134,42.18765,5.422118,13.45822

RunNumber,Mutation Rate,Population Size,Gene Size,Parallel, Fixed RNG Seed,Selection Percentage,Elitist Selection Percentage
1,0.15,100,1000,True,True,0.5,0.05

Generation,Best Fitness,Lowest Fitness,Average Fitness
0,25.76433,5.422118,11.90625
1,28.17171,5.573968,12.39457
2,29.15054,5.573968,12.78234
3,29.15054,5.422118,11.4553
4,29.15054,5.422118,11.79622
5,29.15054,5.857293,11.84971
6,29.15054,5.573968,12.88236
7,29.15054,6.254655,12.43636
8,29.15054,5.857293,12.84503
9,29.15054,5.422118,12.50063
10,29.15054,5.573968,13.25889
11,29.15054,5.225863,12.23211
12,29.15054,5.573968,12.64221
13,29.15054,5.857293,12.42128
14,29.15054,5.422118,11.58821
15,29.97889,6.174114,13.07424
16,29.97889,5.857293,12.8256
17,29.97889,5.573968,12.44842
18,29.97889,6.174114,11.94309
19,29.97889,5.857293,12.91314
20,29.97889,5.422118,12.83
21,29.97889,5.857293,12.13675
22,29.97889,6.920034,13.0522
23,29.97889,5.422118,12.63548
24,29.97889,5.857293,12.45369
25,29.97889,5.573968,12.47256
26,29.97889,5.573968,12.35141
27,29.97889,5.573968,12.79752
28,29.97889,5.422118,12.28694
29,29.97889,5.857293,12.41375
30,29.97889,5.422118,12.75852
31,29.97889,5.857293,11.30892
32,29.97889,5.857293,12.26632
33,29.97889,5.422118,12.80914
34,29.97889,5.422118,12.62897
35,29.97889,5.422118,12.60939
36,29.97889,5.422118,12.28107
37,32.60434,5.857293,12.41512
38,32.60434,5.857293,12.61484
39,32.60434,5.422118,12.5776
40,32.60434,5.422118,12.29678
41,32.60434,5.573968,12.26322
42,32.60434,5.422118,11.9767
43,32.60434,5.857293,12.80705
44,32.60434,5.422118,12.64895
45,32.60434,6.254655,12.94545
46,32.60434,5.573968,12.35085
47,32.60434,5.229321,13.46621
48,32.60434,5.422118,12.71392
49,32.60434,5.857293,12.22432
50,32.60434,6.920034,12.3488
51,32.60434,6.254655,12.01139
52,32.60434,5.422118,11.85669
53,32.60434,5.573968,12.10693
54,32.60434,5.422118,12.98857
55,32.60434,5.422118,13.0196
56,32.60434,5.422118,13.19248
57,32.60434,5.422118,13.8262
58,32.60434,5.573968,12.19175
59,32.60434,5.857293,11.86715
60,32.60434,5.422118,11.63718
61,32.60434,5.573968,12.06627
62,32.60434,5.573968,12.51794
63,32.60434,6.254655,12.50015
64,32.60434,5.422118,12.73959
65,32.60434,5.857293,12.34063
66,32.60434,5.422118,12.59063
67,32.60434,5.573968,13.02436
68,32.60434,5.573968,11.86752
69,32.60434,6.254655,13.33922
70,32.60434,6.174114,12.54072
71,32.60434,5.422118,12.15668
72,32.60434,5.422118,12.48829
73,32.60434,6.254655,13.144
74,32.60434,5.422118,13.25819
75,32.60434,5.422118,13.23218
76,32.60434,5.573968,13.69313
77,32.60434,5.857293,12.39771
78,32.60434,6.174114,12.88271
79,32.60434,5.422118,13.91374
80,32.60434,5.573968,12.63427
81,32.60434,5.422118,12.28636
82,32.60434,5.422118,13.30577
83,38.45877,5.422118,12.25952
84,38.45877,5.422118,13.18627
85,38.45877,6.174114,13.39065
86,38.45877,5.573968,13.63533
87,38.45877,5.573968,13.36623
88,38.45877,5.573968,13.40995
89,38.45877,6.920034,13.34108
90,38.45877,5.422118,12.11135
91,38.45877,5.422118,12.78168
92,38.45877,6.610242,13.16484
93,38.45877,5.422118,13.93462
94,38.45877,6.174114,13.29829
95,38.45877,5.422118,13.18785
96,38.45877,5.573968,13.37911
97,38.45877,5.857293,13.0532
98,38.45877,5.573968,13.98617
99,38.45877,5.422118,14.35598
100,38.45877,6.75,13.57292
101,38.45877,5.857293,13.92695
102,38.45877,6.254655,13.08648
103,38.45877,5.573968,13.23413
104,38.45877,6.174114,13.15344
105,38.45877,6.610242,13.42671
106,38.45877,5.422118,12.70109
107,38.45877,5.422118,13.39756
108,38.45877,6.254655,14.20457
109,38.45877,5.422118,15.15411
110,38.45877,5.573968,14.78269
111,38.45877,5.573968,14.36899
112,38.45877,5.857293,14.07698
113,38.45877,6.254655,13.93604
114,38.45877,6.174114,13.58371
115,38.45877,5.422118,14.331
116,38.45877,5.573968,13.18427
117,38.45877,5.422118,13.82304
118,38.45877,5.422118,12.76118
119,38.45877,5.422118,13.968
120,38.45877,5.573968,12.63122
121,38.45877,5.857293,13.88247
122,38.45877,5.573968,14.73586
123,38.45877,6.610242,13.41716
124,38.45877,5.422118,12.89525
125,38.45877,5.857293,13.88048
126,38.45877,5.573968,13.38474
127,38.45877,5.422118,13.25057
128,38.45877,6.174114,13.37781
129,38.45877,5.857293,12.77479
130,38.45877,6.254655,14.07361
131,38.45877,6.174114,13.986
132,38.45877,5.857293,13.31277
133,38.45877,5.422118,13.20719
134,38.45877,5.422118,13.79532
135,38.45877,5.857293,15.20527
136,38.45877,5.857293,14.65285
137,38.45877,5.857293,14.80382
138,38.45877,6.254655,15.33536
139,38.45877,6.254655,14.7337
140,38.45877,5.857293,14.13568
141,38.45877,5.422118,13.32065
142,38.45877,5.857293,13.96817
143,38.45877,5.422118,14.25641
144,38.45877,5.422118,14.16484
145,38.45877,5.857293,14.39792
146,38.45877,5.422118,14.47256
147,38.45877,6.75,15.10445
148,38.45877,5.422118,14.27627
149,38.45877,5.422118,15.27266
150,38.45877,5.857293,15.33345
151,38.45877,6.174114,14.16519
152,38.45877,5.857293,14.55998
153,38.45877,5.857293,14.26835
154,38.45877,5.422118,14.66958
155,38.45877,6.174114,14.36668
156,38.45877,5.857293,15.53683
157,38.45877,5.857293,13.30164
158,38.45877,5.422118,13.73102
159,38.45877,6.174114,14.01049
160,38.45877,5.857293,14.6971
161,38.45877,5.857293,14.59152
162,38.45877,6.254655,13.924
163,38.45877,5.422118,12.98267
164,38.45877,6.174114,13.41967
165,38.45877,5.422118,13.34648
166,38.45877,5.422118,14.88153
167,38.45877,5.857293,14.53302
168,38.45877,5.573968,14.66407
169,38.45877,6.174114,15.54645
170,38.45877,5.573968,14.47111
171,38.45877,6.174114,15.23541
172,38.45877,6.610242,15.15785
173,38.45877,5.573968,14.61977
174,38.45877,5.573968,14.37249
175,38.45877,5.573968,13.52213
176,38.45877,5.573968,15.18239
177,38.45877,5.422118,14.20981
178,38.45877,5.857293,14.23214
179,38.45877,5.573968,13.97905
180,38.45877,6.174114,14.20022
181,38.45877,5.573968,13.1122
182,38.45877,6.254655,13.38643
183,38.45877,6.174114,14.19508
184,38.45877,5.573968,14.32925
185,38.45877,6.610242,14.25142
186,38.45877,6.174114,15.38817
187,38.45877,5.422118,14.16281
188,38.45877,6.174114,15.11782
189,38.45877,5.573968,15.69848
190,38.45877,6.254655,14.71128
191,38.45877,5.442444,15.21834
192,38.45877,6.75,15.04494
193,38.45877,5.857293,15.65174
194,38.45877,6.174114,16.17196
195,38.45877,6.174114,15.49049
196,38.45877,6.610242,15.91443
197,38.45877,5.573968,16.02565
198,38.45877,6.254655,15.85787
199,38.45877,5.422118,14.76332
200,38.45877,5.422118,13.88647
201,38.45877,5.573968,15.42678
202,38.45877,5.422118,14.59474
203,38.45877,6.174114,15.65558
204,38.45877,5.422118,15.05089
205,38.45877,5.857293,15.34161
206,38.45877,6.174114,14.55742
207,38.45877,5.573968,13.59955
208,38.45877,5.422118,14.09515
209,38.45877,5.857293,14.92205
210,38.45877,5.857293,15.2501
211,38.45877,6.174114,15.72553
212,38.45877,5.857293,15.74513
213,38.45877,6.920034,16.0092
214,38.45877,5.573968,15.89631
215,38.45877,5.573968,15.18433
216,38.45877,6.174114,17.0268
217,38.45877,5.857293,15.95225
218,38.45877,5.422118,14.51979
219,38.45877,6.610242,15.31948
220,38.45877,5.422118,14.18339
221,38.45877,5.573968,13.94651
222,38.45877,6.174114,15.47641
223,38.45877,5.573968,15.28076
224,38.45877,6.174114,15.67089
225,38.45877,6.254655,15.71161
226,38.45877,6.254655,15.13299
227,38.45877,6.254655,16.0621
228,38.45877,6.254655,15.87646
229,38.45877,5.573968,14.82875
230,38.45877,5.573968,14.67072
231,38.45877,6.174114,16.07389
232,38.45877,5.422118,15.84018
233,38.45877,6.920034,17.3925
234,38.45877,5.573968,16.6004
235,38.45877,5.857293,16.44505
236,38.45877,5.422118,16.02648
237,38.45877,6.174114,16.43705
238,38.45877,6.174114,16.61437
239,38.45877,6.174114,16.54294
240,38.45877,6.174114,16.98286
241,38.45877,5.857293,16.05561
242,38.45877,6.174114,15.33619
243,38.45877,6.174114,15.64649
244,38.45877,5.573968,15.08961
245,38.45877,6.610242,14.01093
246,38.45877,5.422118,14.87391
247,38.45877,5.422118,14.85593
248,38.45877,5.573968,15.90792
249,38.45877,6.174114,14.91383
250,38.45877,5.857293,14.00403
251,38.45877,6.174114,14.64126
252,38.45877,6.610242,14.6678
253,38.45877,6.174114,14.00555
254,38.45877,5.857293,13.47886
255,38.45877,5.573968,12.75194
256,38.45877,6.174114,13.72102
257,38.45877,5.573968,13.88354
258,38.45877,5.857293,13.49297
259,38.45877,5.422118,13.8483
260,38.45877,5.573968,15.24548
261,38.45877,5.422118,15.46606
262,38.45877,5.573968,14.16824
263,38.45877,6.610242,14.32375
264,38.45877,5.422118,14.40535
265,38.45877,6.174114,14.91892
266,38.45877,5.857293,14.90923
267,38.45877,5.032097,16.16241
268,38.45877,5.422118,16.6721
269,38.45877,5.422118,16.00431
270,38.45877,5.422118,15.438
271,38.45877,5.857293,14.90312
272,38.45877,5.422118,16.3055
273,38.45877,6.610242,15.98655
274,38.45877,5.573968,15.32508
275,38.45877,6.610242,15.57837
276,38.45877,6.920034,16.22951
277,38.45877,5.422118,14.76773
278,38.45877,5.573968,14.98156
279,38.45877,6.254655,14.71172
280,38.45877,5.573968,14.5193
281,38.45877,6.75,14.01498
282,38.45877,6.174114,14.71707
283,38.45877,6.174114,14.71988
284,38.45877,5.422118,14.17012
285,38.45877,5.422118,14.6259
286,38.45877,4.430926,14.46404
287,38.45877,5.422118,14.7788
288,38.45877,5.422118,13.97909
289,38.45877,5.573968,16.15748
290,38.45877,6.174114,15.60886
291,38.45877,6.254655,16.00648
292,38.45877,5.422118,14.95652
293,38.45877,6.254655,15.94319
294,38.45877,5.857293,16.6089
295,38.45877,5.422118,15.25809
296,38.45877,5.573968,15.89121
297,38.45877,5.857293,15.61278
298,38.45877,5.422118,16.12416
299,38.45877,5.857293,15.92181
300,38.45877,5.422118,15.98158
301,38.45877,6.920034,15.31364
302,38.45877,7.297708,15.45163
303,38.45877,6.920034,16.20394
304,38.45877,6.174114,16.13335
305,38.45877,5.857293,15.13704
306,38.45877,5.857293,15.4087
307,38.45877,5.422118,15.40379
308,38.45877,5.422118,14.65673
309,38.45877,4.119254,14.57802
310,38.45877,5.857293,14.02041
311,39.34911,6.254655,15.53609
312,39.34911,5.422118,15.16246
313,39.34911,5.857293,16.60248
314,39.34911,6.174114,15.70895
315,39.34911,6.174114,16.64542
316,39.34911,5.422118,15.87998
317,39.34911,5.857293,16.66666
318,39.34911,5.422118,15.87215
319,39.34911,5.422118,14.66204
320,39.34911,5.422118,16.4043
321,39.34911,5.857293,14.99291
322,39.34911,6.174114,16.30418
323,39.34911,6.254655,15.27297
324,39.34911,6.174114,14.63304
325,39.34911,5.573968,15.49577
326,39.34911,6.254655,15.15297
327,39.34911,5.857293,14.70485
328,39.34911,6.174114,15.45997
329,39.34911,5.422118,14.46408
330,39.34911,6.254655,14.41186
331,39.34911,5.857293,14.4437
332,39.34911,5.422118,14.75863
333,39.34911,5.857293,15.31521
334,39.34911,5.857293,15.96781
335,39.34911,5.422118,16.42567
336,39.34911,6.174114,16.30291
337,39.34911,5.422118,16.54033
338,39.34911,6.610242,15.81086
339,39.34911,5.573968,16.90096
340,39.34911,5.573968,15.76258
341,39.34911,5.422118,14.03149
342,39.34911,6.174114,15.72228
343,39.34911,6.254655,16.28041
344,39.34911,6.254655,15.14521
345,39.34911,5.422118,15.09452
346,39.34911,6.610242,15.79686
347,39.34911,5.857293,15.76871
348,39.34911,6.610242,15.16678
349,39.34911,5.422118,14.74072
350,39.34911,6.75,15.9913
351,39.34911,5.857293,15.12686
352,39.34911,6.920034,15.53534
353,39.34911,5.857293,14.35902
354,39.34911,4.119933,15.42941
355,39.34911,6.920034,15.80988
356,39.34911,5.573968,15.29545
357,39.34911,5.422118,14.86011
358,39.34911,6.610242,15.12897
359,39.34911,5.422118,13.80791
360,39.34911,6.174114,13.74874
361,39.34911,5.857293,14.76736
362,39.34911,5.422118,15.01317
363,39.34911,5.573968,14.21998
364,39.34911,4.743737,14.28787
365,39.34911,5.422118,14.89791
366,39.34911,5.422118,14.67755
367,39.34911,5.857293,14.61335
368,39.34911,6.254655,15.33332
369,39.34911,6.254655,15.50159
370,39.34911,6.254655,15.3151
371,43.36214,5.857293,16.31954
372,43.36214,5.573968,16.1409
373,43.36214,5.573968,16.61999
374,43.36214,5.422118,16.31157
375,43.36214,6.610242,16.29406
376,43.36214,5.422118,15.88014
377,43.36214,6.254655,15.71234
378,43.36214,6.610242,15.35965
379,43.36214,6.174114,15.03019
380,43.36214,5.422118,15.36869
381,43.36214,5.857293,16.01774
382,43.36214,5.857293,14.6601
383,43.36214,5.573968,15.00539
384,43.36214,5.422118,14.00734
385,43.36214,5.857293,13.95255
386,43.36214,5.25817,14.15172
387,43.36214,6.610242,14.64659
388,43.36214,6.610242,15.1272
389,43.36214,5.573968,13.62754
390,44.40241,5.422118,14.15242
391,44.40241,5.857293,14.20471
392,44.40241,5.573968,14.26378
393,44.40241,5.422118,15.32233
394,44.40241,5.857293,15.06226
395,44.40241,5.573968,14.1951
396,44.40241,5.573968,15.28213
397,44.40241,5.422118,15.44605
398,44.40241,6.174114,15.75124
399,44.40241,5.422118,14.45358
400,44.40241,5.422118,15.06767
401,44.40241,5.857293,15.51132
402,44.40241,5.857293,15.84
403,44.40241,6.254655,15.77366
404,44.40241,5.857293,14.7454
405,44.40241,5.573968,15.11122
406,44.40241,5.857293,16.15093
407,44.40241,6.174114,14.81457
408,44.40241,5.857293,15.51827
409,44.40241,6.174114,15.18767
410,44.40241,6.254655,15.66772
411,44.40241,6.174114,14.90642
412,44.40241,5.422118,13.66861
413,44.40241,6.174114,15.84789
414,44.40241,6.254655,14.42942
415,44.40241,6.254655,14.37938
416,44.40241,5.422118,14.27455
417,44.40241,5.904864,15.06288
418,44.40241,6.254655,14.61358
419,44.40241,5.857293,14.92684
420,44.40241,5.422118,13.60407
421,44.40241,5.857293,14.78956
422,44.40241,5.857293,15.49918
423,44.40241,5.857293,15.49711
424,44.40241,5.422118,15.70475
425,44.40241,5.422118,15.18697
426,44.40241,6.254655,15.79776
427,44.40241,6.254655,15.13871
428,44.40241,5.422118,16.11728
429,44.40241,5.422118,14.14495
430,44.40241,5.422118,16.02739
431,44.40241,6.174114,15.19274
432,44.40241,5.422118,14.88816
433,44.40241,6.174114,14.69901
434,44.40241,5.573968,14.56477
435,44.40241,5.857293,13.58434
436,44.40241,5.857293,13.4865
437,44.40241,6.174114,15.03495
438,44.40241,5.857293,14.85673
439,44.40241,5.573968,13.99892
440,44.40241,6.610242,15.11668
441,44.40241,5.857293,14.99504
442,44.40241,5.857293,14.25266
443,44.40241,5.573968,15.71401
444,44.40241,5.573968,15.17819
445,44.40241,5.422118,14.67054
446,44.40241,5.422118,14.86602
447,44.40241,5.422118,15.34285
448,44.40241,6.174114,15.74878
449,44.40241,5.422118,14.66232
450,44.40241,6.254655,14.61189
451,44.40241,6.174114,14.69329
452,44.40241,6.254655,14.09324
453,44.40241,5.422118,14.04212
454,44.40241,5.857293,14.08549
455,44.40241,5.422118,14.73442
456,44.40241,5.422118,14.79079
457,44.40241,6.75,15.06984
458,44.40241,5.422118,15.0089
459,44.40241,5.422118,15.08909
460,44.40241,5.422118,13.69893
461,44.40241,5.422118,14.59896
462,44.40241,6.75,14.39362
463,44.40241,5.573968,15.08568
464,44.40241,6.254655,14.80702
465,44.40241,6.254655,14.93243
466,44.40241,5.857293,15.17038
467,44.40241,5.857293,16.15564
468,44.40241,5.422118,14.6312
469,44.40241,6.174114,14.75644
470,44.40241,5.422118,14.76288
471,44.40241,6.174114,15.0673
472,44.40241,6.920034,14.01891
473,44.40241,6.254655,14.69223
474,44.40241,5.422118,14.52149
475,44.40241,5.857293,13.84717
476,44.40241,5.857293,13.85662
477,44.40241,5.422118,15.56249
478,44.40241,6.174114,14.72692
479,44.40241,5.857293,15.31451
480,44.40241,5.857293,14.72698
481,44.40241,5.422118,14.24574
482,44.40241,5.573968,14.75528
483,44.40241,6.920034,14.36461
484,44.40241,5.422118,14.56086
485,44.40241,5.573968,14.95675
486,44.40241,6.254655,15.37686
487,44.40241,5.422118,15.13397
488,44.40241,6.254655,15.67687
489,44.40241,7.180096,15.18636
490,44.40241,5.422118,14.28159
491,44.40241,6.174114,15.29194
492,44.40241,6.610242,14.73606
493,44.40241,5.857293,14.50447
494,44.40241,5.422118,14.75251
495,44.40241,5.422118,14.95265
496,44.40241,5.857293,15.58662
497,44.40241,6.610242,16.23877
498,44.40241,6.174114,14.93986
499,44.40241,6.75,15.02405
500,44.40241,7.180096,15.55805
501,44.40241,6.920034,14.69053
502,44.40241,6.254655,15.17487
503,44.40241,5.857293,15.00031
504,44.40241,6.174114,14.66945
505,44.40241,5.857293,16.82641
506,44.40241,5.857293,15.07707
507,44.40241,5.857293,15.86067
508,44.40241,5.857293,14.74559
509,44.40241,5.422118,15.39256
510,44.40241,5.573968,15.58067
511,44.40241,5.857293,14.72404
512,44.40241,5.422118,15.14455
513,44.40241,5.857293,14.97535
514,44.40241,6.254655,14.17844
515,44.40241,5.422118,13.84568
516,44.40241,5.857293,15.06109
517,44.40241,5.857293,15.75928
518,44.40241,5.857293,15.36577
519,44.40241,6.174114,16.41819
520,44.40241,5.857293,14.6377
521,44.40241,5.857293,15.42965
522,44.40241,6.610242,14.66451
523,44.40241,6.254655,14.29493
524,44.40241,5.857293,15.02257
525,44.40241,6.610242,15.72144
526,44.40241,6.610242,16.75388
527,44.40241,5.422118,16.42864
528,44.40241,5.573968,16.04976
529,44.40241,6.75,16.66741
530,44.40241,6.75,16.39629
531,44.40241,5.857293,16.02606
532,44.40241,6.174114,16.15825
533,44.40241,6.610242,15.90833
534,44.40241,5.422118,16.03753
535,44.40241,6.254655,15.98032
536,44.40241,6.254655,16.70511
537,44.40241,5.857293,16.76767
538,44.40241,6.174114,16.8611
539,44.40241,6.610242,15.78043
540,44.40241,6.610242,16.06998
541,44.40241,5.857293,15.41533
542,44.40241,6.174114,15.61161
543,44.40241,5.573968,15.21507
544,44.40241,5.422118,15.09774
545,45.20178,5.857293,15.92817
546,45.20178,6.174114,16.06585
547,45.20178,5.857293,15.98846
548,45.20178,6.920034,16.87378
549,45.20178,5.573968,16.51453
550,45.20178,6.920034,16.75103
551,45.20178,5.573968,17.40493
552,45.20178,6.920034,17.64098
553,45.20178,5.857293,17.77119
554,45.20178,6.254655,16.17531
555,45.20178,6.610242,16.59509
556,45.20178,5.573968,15.68363
557,45.20178,5.422118,15.02552
558,45.20178,6.254655,15.3871
559,45.20178,5.573968,15.42024
560,45.20178,5.422118,15.63011
561,45.20178,5.422118,15.92947
562,45.20178,5.857293,14.72738
563,45.20178,5.422118,14.23668
564,45.20178,5.857293,15.528
565,45.20178,6.920034,15.27812
566,45.20178,6.254655,15.51172
567,45.20178,5.422118,16.07271
568,45.20178,6.254655,16.63905
569,45.20178,6.75,16.26178
570,45.20178,6.254655,16.83813
571,45.20178,5.422118,15.01372
572,45.20178,6.610242,16.60102
573,45.20178,6.174114,16.65171
574,45.20178,6.174114,15.9264
575,45.20178,6.254655,17.61759
576,45.20178,6.254655,18.00494
577,45.20178,5.573968,16.82248
578,45.20178,5.422118,16.38201
579,45.20178,6.174114,17.17216
580,45.20178,6.174114,17.54892
581,45.20178,6.174114,16.55785
582,45.20178,5.422118,16.75761
583,45.20178,5.857293,16.39075
584,45.20178,6.254655,18.02461
585,45.20178,5.857293,16.59902
586,45.20178,5.422118,16.60599
587,45.20178,6.174114,16.47174
588,45.20178,5.422118,16.07739
589,45.20178,6.254655,17.67804
590,45.20178,6.254655,17.63051
591,45.20178,6.610242,16.87756
592,45.20178,6.174114,15.56711
593,45.20178,5.422118,16.80973
594,45.20178,5.573968,15.21625
595,45.20178,6.254655,15.75941
596,45.20178,5.573968,16.39188
597,45.20178,5.857293,15.01986
598,45.20178,6.254655,16.57762
599,45.20178,5.857293,16.02704
600,45.20178,6.254655,16.48945
601,45.20178,6.610242,16.64717
602,45.20178,6.610242,17.10418
603,45.20178,6.254655,16.79921
604,45.20178,6.174114,16.92976
605,45.20178,5.422118,16.21226
606,45.20178,5.422118,15.26271
607,45.20178,5.422118,16.32087
608,45.20178,5.857293,16.69349
609,45.20178,6.254655,15.56054
610,45.20178,6.254655,15.28557
611,45.20178,5.422118,15.5047
612,45.20178,5.573968,15.63938
613,45.20178,5.573968,16.2535
614,45.20178,6.610242,14.84286
615,45.20178,6.610242,16.06332
616,45.20178,5.573968,16.98154
617,45.20178,5.422118,16.91181
618,45.20178,5.422118,16.24137
619,45.20178,6.254655,17.06507
620,45.20178,6.920034,16.9348
621,45.20178,6.174114,15.70182
622,45.20178,5.174207,15.5435
623,45.20178,5.422118,16.56256
624,45.20178,6.254655,16.91914
625,45.20178,6.610242,15.80375
626,45.20178,5.422118,17.0042
627,45.20178,5.573968,16.34535
628,45.20178,6.174114,15.90313
629,45.20178,7.180096,16.08213
630,45.20178,6.174114,15.26722
631,45.20178,6.254655,15.05808
632,45.20178,5.422118,14.6354
633,45.20178,6.610242,14.86487
634,45.20178,5.573968,15.28892
635,45.20178,6.610242,14.87819
636,45.20178,6.174114,15.5198
637,45.20178,6.920034,16.73253
638,45.20178,5.857293,15.85026
639,45.20178,5.857293,15.32124
640,45.20178,5.573968,15.89896
641,45.20178,6.254655,15.20487
642,45.20178,5.857293,15.77458
643,45.20178,6.174114,15.57939
644,45.20178,6.174114,15.31726
645,45.20178,6.174114,16.36313
646,45.20178,5.573968,15.63368
647,45.20178,5.857293,16.03716
648,45.20178,5.573968,15.82675
649,45.20178,5.422118,16.63524
650,45.20178,5.422118,15.82058
651,45.20178,5.573968,15.14365
652,45.20178,6.254655,15.94118
653,45.20178,6.254655,15.97112
654,45.20178,6.174114,14.99233
655,45.20178,6.254655,15.82428
656,45.20178,5.422118,16.5672
657,45.20178,6.174114,15.35171
658,45.20178,6.610242,15.33282
659,45.20178,5.422118,15.57855
660,45.20178,6.254655,15.35567
661,45.20178,5.857293,15.39095
662,45.20178,5.857293,15.02873
663,45.20178,5.422118,14.70947
664,45.20178,5.857293,15.4364
665,45.20178,5.857293,15.44967
666,45.20178,6.610242,15.99879
667,45.20178,6.174114,15.94445
668,45.20178,5.573968,15.77136
669,45.20178,5.573968,14.82614
670,45.20178,6.610242,14.62728
671,45.20178,5.422118,14.72117
672,45.20178,5.857293,15.93024
673,45.20178,5.573968,16.51685
674,45.20178,5.573968,15.79974
675,45.20178,6.254655,16.66566
676,45.20178,5.857293,16.42964
677,45.20178,5.857293,16.73654
678,45.20178,5.573968,16.61337
679,45.20178,5.422118,15.94724
680,45.20178,5.573968,14.7473
681,45.20178,5.857293,15.20552
682,45.20178,5.422118,16.77888
683,45.20178,5.857293,15.48262
684,45.20178,6.610242,16.90249
685,45.20178,5.422118,16.85727
686,45.20178,5.573968,16.85944
687,45.20178,5.857293,16.69634
688,45.20178,5.857293,16.87712
689,45.20178,6.610242,16.83599
690,45.20178,5.857293,16.13866
691,45.20178,6.254655,16.93605
692,45.20178,5.422118,15.35742
693,45.20178,5.573968,15.1783
694,45.20178,5.573968,16.16825
695,45.20178,5.422118,15.68164
696,45.20178,6.920034,16.15418
697,45.20178,6.610242,15.22835
698,45.20178,5.857293,15.82951
699,45.20178,6.254655,16.82834
700,45.20178,5.422118,15.16488
701,45.20178,6.174114,15.50312
702,45.20178,6.610242,15.87054
703,45.20178,5.857293,15.66296
704,45.20178,5.422118,16.60661
705,45.20178,6.254655,15.69069
706,45.20178,5.422118,16.35187
707,45.20178,7.180096,16.03365
708,45.20178,6.174114,14.87446
709,45.20178,5.422118,14.54346
710,45.20178,5.422118,15.32438
711,45.20178,6.610242,15.84334
712,45.20178,6.254655,15.03811
713,45.20178,6.174114,16.38212
714,45.20178,6.254655,16.20538
715,45.20178,6.610242,16.04472
716,45.20178,6.254655,15.07721
717,45.20178,5.422118,15.14483
718,45.20178,5.422118,14.09321
719,45.20178,5.857293,14.94537
720,45.20178,5.857293,14.85343
721,45.20178,5.422118,14.81894
722,45.20178,6.920034,14.54456
723,45.20178,6.610242,14.71164
724,45.20178,5.422118,15.30113
725,45.20178,5.857293,15.19824
726,45.20178,6.174114,14.80159
727,45.20178,5.573968,16.21019
728,45.20178,5.573968,15.3915
729,45.20178,5.573968,15.89351
730,45.20178,5.857293,15.09915
731,45.20178,6.254655,15.62697
732,45.20178,5.573968,16.33654
733,45.20178,5.857293,15.45766
734,45.20178,6.610242,15.91039
735,45.20178,6.254655,16.03812
736,45.20178,5.573968,16.56565
737,45.20178,5.573968,15.68335
738,45.20178,6.27,15.36363
739,45.20178,5.422118,15.73886
740,45.20178,6.254655,15.40326
741,45.20178,6.174114,16.14037
742,45.20178,6.174114,14.54398
743,47.27554,5.573968,15.76327
744,47.27554,5.857293,15.29189
745,47.27554,5.857293,14.7493
746,47.27554,5.857293,14.86123
747,47.27554,6.174114,15.4476
748,47.27554,5.573968,14.61465
749,47.27554,6.254655,15.65811
750,47.27554,5.422118,15.49487
751,47.27554,5.857293,15.33489
752,47.27554,5.857293,15.70207
753,47.27554,6.174114,15.21485
754,47.27554,5.573968,14.99574
755,47.27554,5.422118,15.73403
756,47.27554,5.857293,16.12503
757,47.27554,5.422118,15.06338
758,47.27554,5.857293,14.26834
759,47.27554,5.422118,15.40995
760,47.27554,5.857293,15.99905
761,47.27554,6.254655,14.28955
762,47.27554,5.422118,15.78514
763,47.27554,5.573968,15.32307
764,47.27554,6.610242,15.10676
765,47.27554,5.904864,15.41686
766,47.27554,5.422118,15.25709
767,47.27554,5.573968,14.68956
768,47.27554,5.422118,15.76179
769,47.27554,5.573968,15.38806
770,47.27554,5.422118,14.24965
771,47.27554,6.174114,14.51761
772,47.27554,5.857293,14.02723
773,47.27554,5.573968,13.65798
774,47.27554,5.857293,15.17369
775,47.27554,5.857293,14.47869
776,47.27554,5.422118,14.20836
777,47.27554,6.174114,14.72885
778,47.27554,5.857293,13.97842
779,47.27554,5.422118,14.30862
780,47.27554,5.857293,14.2898
781,47.27554,6.254655,15.2459
782,47.27554,5.422118,14.45519
783,47.27554,6.174114,14.65578
784,47.27554,5.573968,13.88325
785,47.27554,5.857293,14.61638
786,47.27554,5.573968,14.62311
787,47.27554,5.422118,14.10772
788,47.27554,5.422118,14.07764
789,47.27554,5.573968,13.39505
790,47.27554,6.254655,15.13008
791,47.27554,5.857293,14.22878
792,47.27554,5.573968,14.82332
793,47.27554,5.422118,14.94596
794,47.27554,5.422118,15.75322
795,47.27554,5.422118,14.28388
796,47.27554,5.573968,14.84153
797,47.27554,5.857293,14.49957
798,47.27554,6.174114,14.76728
799,47.27554,6.75,14.35857
800,47.27554,5.857293,14.46066
801,47.27554,5.573968,15.57489
802,47.27554,5.573968,15.68243
803,47.27554,6.174114,16.23904
804,47.27554,6.174114,15.3471
805,47.27554,5.857293,16.31664
806,47.27554,5.857293,16.54539
807,47.27554,6.174114,15.68307
808,47.27554,5.422118,14.17479
809,47.27554,6.254655,15.00742
810,47.27554,5.422118,15.0615
811,47.27554,5.422118,14.63159
812,47.27554,6.920034,15.186
813,47.27554,5.573968,15.50282
814,47.27554,6.254655,15.43191
815,47.27554,5.422118,15.34088
816,47.27554,5.422118,15.1497
817,47.27554,5.573968,15.73123
818,47.27554,4.236282,15.29286
819,47.27554,5.857293,14.19489
820,47.27554,5.422118,15.55526
821,47.27554,5.857293,15.64791
822,47.27554,5.422118,15.16313
823,47.27554,5.857293,15.58761
824,47.27554,6.920034,15.48856
825,47.27554,5.422118,15.29707
826,47.27554,5.857293,15.79849
827,47.27554,5.857293,15.57336
828,47.27554,5.573968,14.96331
829,47.27554,6.254655,16.63243
830,47.27554,6.174114,15.69038
831,47.27554,5.422118,15.04588
832,47.27554,6.174114,14.90499
833,47.27554,5.857293,14.79939
834,47.27554,5.857293,14.34225
835,47.27554,6.920034,15.9503
836,47.27554,5.422118,16.97346
837,47.27554,6.254655,15.80312
838,47.27554,5.422118,16.09218
839,47.27554,6.254655,15.41604
840,47.27554,6.75,15.16123
841,47.27554,5.422118,15.04042
842,47.27554,6.174114,15.08217
843,47.27554,6.920034,14.36826
844,47.27554,5.573968,16.09911
845,47.27554,5.422118,15.99336
846,47.27554,3.386453,16.07843
847,47.27554,5.857293,14.46517
848,47.27554,5.422118,13.77377
849,47.27554,5.422118,13.97777
850,47.27554,5.573968,14.88113
851,47.27554,5.857293,14.15916
852,47.27554,5.857293,14.43082
853,47.27554,5.422118,13.82045
854,47.27554,6.610242,14.30425
855,47.27554,6.254655,14.16475
856,47.27554,5.857293,13.84974
857,47.27554,5.422118,14.27465
858,47.27554,6.174114,14.69216
859,47.27554,6.254655,15.22672
860,47.27554,5.422118,16.07175
861,47.27554,6.254655,16.01905
862,47.27554,5.573968,16.30468
863,47.27554,5.422118,15.53488
864,47.27554,5.573968,16.14965
865,47.27554,5.422118,17.11061
866,47.27554,5.857293,16.43329
867,47.27554,6.174114,17.43394
868,47.27554,5.857293,17.04821
869,47.27554,5.857293,15.52106
870,47.27554,5.422118,15.84838
871,47.27554,6.174114,16.66397
872,47.27554,6.610242,15.77915
873,47.27554,5.573968,15.56252
874,47.27554,6.254655,16.84945
875,47.27554,5.422118,15.68558
876,47.27554,5.573968,16.36007
877,47.27554,5.857293,15.85527
878,47.27554,5.422118,16.23513
879,47.27554,5.857293,14.90591
880,47.27554,6.174114,15.83262
881,47.27554,4.266809,15.50588
882,47.27554,6.174114,15.71908
883,47.27554,5.573968,15.57955
884,47.27554,5.857293,15.74247
885,47.27554,5.422118,15.14725
886,47.27554,5.573968,16.1058
887,47.27554,5.422118,15.30648
888,47.27554,5.573968,14.70086
889,47.27554,5.857293,15.72939
890,47.27554,5.857293,15.00122
891,47.27554,5.857293,14.00932
892,47.27554,6.254655,14.93632
893,47.27554,6.174114,15.94141
894,47.27554,6.75,15.54764
895,47.27554,5.857293,16.60282
896,47.27554,5.422118,14.57866
897,47.27554,5.573968,15.28712
898,47.27554,6.610242,14.47304
899,47.27554,5.857293,15.29206
900,47.27554,6.254655,14.37414
901,47.27554,5.422118,14.74266
902,47.27554,5.422118,14.16839
903,47.27554,5.857293,15.19928
904,47.27554,5.857293,14.63744
905,47.27554,6.174114,13.93101
906,47.27554,6.254655,15.00149
907,47.27554,5.573968,15.25168
908,47.27554,6.174114,14.50414
909,47.27554,6.174114,14.91245
910,47.27554,5.422118,14.05775
911,47.27554,5.857293,15.25301
912,47.27554,5.422118,14.23456
913,47.27554,5.422118,15.23483
914,47.27554,6.174114,14.15433
915,47.27554,6.254655,15.99771
916,47.27554,5.422118,14.90947
917,47.27554,6.174114,16.0341
918,47.27554,5.422118,15.71628
919,47.27554,5.857293,15.32703
920,47.27554,5.422118,14.66623
921,47.27554,5.857293,14.66298
922,47.27554,5.857293,13.83296
923,47.27554,6.254655,13.97868
924,47.27554,5.422118,14.59039
925,48.10423,5.422118,14.89279
926,48.10423,5.573968,14.81324
927,48.10423,5.573968,16.33072
928,48.10423,5.857293,16.90236
929,48.10423,5.573968,15.19401
930,48.10423,5.857293,16.48648
931,48.10423,6.610242,16.26633
932,48.10423,5.573968,17.11227
933,48.10423,5.422118,15.62246
934,48.10423,6.610242,14.89795
935,48.10423,5.857293,15.27885
936,48.10423,5.573968,14.05262
937,48.10423,5.422118,15.70969
938,48.10423,5.573968,14.95983
939,48.10423,5.422118,15.33403
940,48.10423,5.857293,14.36356
941,48.10423,6.610242,14.77808
942,48.10423,5.573968,14.1645
943,48.10423,5.422118,14.66855
944,48.10423,5.422118,14.96453
945,48.10423,5.573968,15.3637
946,48.10423,5.422118,14.26048
947,48.10423,5.422118,14.46718
948,48.10423,5.422118,13.36951
949,48.10423,5.573968,13.13524
950,48.10423,6.254655,13.77557
951,48.10423,5.422118,13.62404
952,48.10423,5.573968,14.21131
953,48.10423,5.573968,14.15892
954,48.10423,6.174114,13.91155
955,48.10423,6.174114,14.6599
956,48.10423,5.857293,14.12097
957,48.10423,5.573968,14.07862
958,48.10423,5.573968,14.16091
959,48.10423,5.893277,14.45734
960,48.10423,6.174114,13.99811
961,48.10423,5.573968,14.73233
962,48.10423,6.174114,15.00833
963,48.10423,5.422118,13.84502
964,48.10423,5.422118,14.55172
965,48.10423,5.573968,14.46413
966,48.10423,6.610242,14.52542
967,48.10423,5.857293,15.33556
968,48.10423,5.857293,14.86406
969,48.10423,6.174114,14.69663
970,48.10423,5.422118,14.34185
971,48.10423,5.422118,14.12305
972,48.10423,5.422118,14.85238
973,48.10423,5.422118,14.59288
974,48.10423,5.573968,14.24816
975,48.10423,5.573968,14.05722
976,48.10423,5.422118,14.32333
977,48.10423,5.422118,14.03906
978,48.10423,5.422118,13.33316
979,48.10423,5.422118,14.14735
980,48.10423,5.422118,13.62685
981,48.10423,5.857293,13.62247
982,48.10423,5.422118,13.85021
983,48.10423,5.422118,14.02362
984,48.10423,5.422118,13.62763
985,48.10423,5.422118,13.701
986,48.10423,6.174114,14.0637
987,48.10423,6.174114,14.86649
988,48.10423,5.422118,14.09358
989,48.10423,5.573968,14.27049
990,48.10423,6.75,14.81389
991,48.10423,6.254655,15.32277
992,48.10423,6.610242,14.49806
993,48.10423,5.573968,15.06732
994,48.10423,5.422118,15.82398
995,48.10423,6.254655,15.1741
996,48.10423,5.422118,14.98784
997,48.68254,6.174114,15.50737
998,48.68254,5.422118,14.74615
999,48.68254,5.573968,13.90768
1000,48.68254,5.422118,14.34067
1001,48.68254,5.422118,13.77526
1002,48.68254,6.174114,13.38871
1003,48.68254,5.857293,14.60154
1004,48.68254,6.254655,13.82525
1005,48.68254,5.573968,14.96398
1006,48.68254,6.75,15.60572
1007,48.68254,6.254655,14.40969
1008,48.68254,6.254655,14.64153
1009,48.68254,6.174114,15.21509
1010,48.68254,6.174114,15.10215
1011,48.68254,5.422118,15.50276
1012,48.68254,5.573968,15.76595
1013,48.68254,6.174114,16.25158
1014,48.68254,6.174114,15.37093
1015,48.68254,6.254655,16.30802
1016,48.68254,5.573968,15.70857
1017,48.68254,6.610242,15.71164
1018,48.68254,5.422118,15.09083
1019,48.68254,6.920034,15.42813
1020,48.68254,5.573968,15.21328
1021,48.68254,6.610242,15.30837
1022,48.68254,6.75,15.71008
1023,48.68254,5.857293,15.95501
1024,48.68254,5.857293,14.87619
1025,48.68254,6.174114,14.76989
1026,48.68254,5.422118,13.51025
1027,48.68254,5.857293,15.33768
1028,48.68254,5.573968,14.95988
1029,48.68254,5.422118,15.37626
1030,48.68254,5.422118,14.35881
1031,48.68254,6.254655,15.6027
1032,48.68254,6.254655,15.42196
1033,48.68254,6.610242,15.68494
1034,48.68254,5.422118,15.82316
1035,48.68254,6.610242,14.53033
1036,48.68254,5.857293,14.56336
1037,48.68254,6.610242,15.17227
1038,48.68254,5.857293,14.92976
1039,48.68254,5.422118,14.21154
1040,48.68254,6.75,14.32977
1041,48.68254,5.422118,13.59022
1042,48.68254,6.174114,14.83389
1043,48.68254,5.573968,14.61889
1044,48.68254,5.857293,14.08623
1045,48.68254,5.857293,14.37225
1046,48.68254,5.573968,14.35028
1047,48.68254,5.422118,14.16329
1048,48.68254,5.857293,13.99254
1049,48.68254,5.422118,14.31768
1050,48.68254,5.857293,14.96204
1051,48.68254,5.857293,15.07951
1052,48.68254,5.422118,13.41364
1053,48.68254,5.422118,14.09554
1054,48.68254,5.422118,15.45224
1055,48.68254,5.573968,15.15535
1056,48.68254,6.174114,14.79895
1057,48.68254,5.422118,14.85935
1058,48.68254,5.857293,15.00582
1059,48.68254,5.422118,14.31291
1060,48.68254,6.174114,13.87264
1061,48.68254,6.610242,14.13352
1062,48.68254,5.422118,13.91848
1063,48.68254,5.422118,13.40297
1064,48.68254,6.174114,14.58358
1065,48.68254,5.857293,14.73509
1066,48.68254,5.857293,13.95934
1067,48.68254,6.174114,14.02215
1068,48.68254,5.422118,13.71885
1069,48.68254,5.573968,14.10829
1070,48.68254,6.610242,14.54832
1071,48.68254,5.422118,14.43172
1072,48.68254,5.857293,14.99948
1073,48.68254,6.254655,14.79763
1074,48.68254,6.174114,14.96894
1075,48.68254,6.174114,15.13562
1076,48.68254,5.645543,15.10716
1077,48.68254,5.573968,14.10656
1078,48.68254,5.422118,13.83156
1079,48.68254,5.422118,14.43151
1080,48.68254,6.174114,15.01081
1081,48.68254,6.920034,14.87053
1082,48.68254,5.573968,13.8562
1083,48.68254,5.422118,14.97734
1084,48.68254,5.573968,14.30076
1085,48.68254,6.610242,15.73339
1086,48.68254,5.422118,15.09986
1087,48.68254,6.174114,14.80588
1088,48.68254,6.174114,14.41832
1089,48.68254,5.573968,14.35226
1090,48.68254,6.610242,13.80212
1091,48.68254,5.857293,13.82776
1092,48.68254,5.573968,15.09785
1093,48.68254,5.573968,14.28912
1094,48.68254,5.422118,14.03613
1095,48.68254,5.573968,13.99917
1096,48.68254,5.573968,13.89763
1097,48.68254,5.422118,14.68012
1098,48.68254,6.174114,14.5232
1099,48.68254,5.422118,14.59412
1100,48.68254,5.422118,14.92846
1101,48.68254,5.422118,14.05562
1102,48.68254,5.573968,13.73512
1103,48.68254,6.920034,14.12623
1104,48.68254,6.174114,14.87716
1105,48.68254,5.857293,15.4984
1106,48.68254,5.422118,15.69478
1107,48.68254,5.573968,15.09299
1108,48.68254,5.032097,15.27563
1109,48.68254,5.422118,15.30231
1110,48.68254,5.422118,14.55012
1111,48.68254,6.174114,13.96409
1112,48.68254,6.254655,13.54687
1113,48.68254,5.422118,14.59072
1114,48.68254,5.573968,13.68726
1115,48.68254,6.174114,14.56932
1116,48.68254,5.422118,15.1326
1117,48.68254,5.422118,15.32719
1118,48.68254,5.422118,14.36528
1119,48.68254,5.573968,14.98901
1120,48.68254,6.610242,14.96141
1121,48.68254,5.857293,14.95096
1122,48.68254,6.610242,14.51715
1123,48.68254,6.174114,14.48265
1124,48.68254,5.422118,14.74954
1125,48.68254,5.573968,14.61432
1126,48.68254,6.174114,14.49589
1127,48.68254,6.174114,15.08805
1128,48.68254,5.857293,15.10793
1129,48.68254,5.857293,15.2792
1130,48.68254,5.573968,14.11194
1131,48.68254,5.422118,13.95644
1132,48.68254,6.610242,14.55632
1133,48.68254,5.573968,15.61972
1134,48.68254,5.857293,16.63194
1135,48.68254,5.573968,14.50096
1136,48.68254,5.857293,15.37911
1137,48.68254,5.573968,14.51362
1138,48.68254,6.254655,15.20368
1139,48.68254,4.62218,15.10205
1140,48.68254,5.573968,15.19232
1141,48.68254,5.857293,15.63868
1142,48.68254,6.254655,14.87233
1143,48.68254,5.422118,15.09955
1144,48.68254,5.857293,15.38501
1145,48.68254,5.422118,15.93306
1146,48.68254,5.857293,16.26804
1147,48.68254,6.174114,15.94424
1148,48.68254,6.174114,16.42279
1149,48.68254,6.610242,17.72123
1150,48.68254,6.254655,17.44304
1151,48.68254,5.573968,15.78239
1152,48.68254,6.610242,16.32261
1153,48.68254,5.857293,15.89228
1154,48.68254,5.422118,15.46692
1155,48.68254,5.422118,15.25579
1156,48.68254,5.857293,14.18757
1157,48.68254,5.422118,13.72014
1158,48.68254,5.573968,14.25019
1159,48.68254,5.422118,14.80046
1160,48.68254,6.254655,15.39209
1161,48.68254,5.422118,15.54746
1162,48.68254,5.422118,15.25406
1163,48.68254,5.422118,15.78326
1164,48.68254,5.857293,14.45135
1165,48.68254,5.422118,14.43151
1166,48.68254,5.573968,14.86564
1167,48.68254,5.573968,14.60405
1168,48.68254,5.573968,14.83575
1169,48.68254,6.174114,15.57334
1170,48.68254,6.254655,15.51679
1171,48.68254,5.422118,14.62118
1172,48.68254,5.857293,14.84693
1173,48.68254,5.573968,14.92932
1174,48.68254,6.610242,14.63591
1175,48.68254,6.75,13.7194
1176,48.68254,5.573968,14.85128
1177,48.68254,6.174114,14.68657
1178,48.68254,5.573968,14.70671
1179,48.68254,5.422118,15.20293
1180,48.68254,6.174114,14.09394
1181,48.68254,6.174114,15.3166
1182,48.68254,5.422118,14.40981
1183,48.68254,5.573968,15.31082
1184,48.68254,6.174114,15.90373
1185,48.68254,5.573968,15.89627
1186,48.68254,5.422118,16.03842
1187,48.68254,5.573968,15.83541
1188,48.68254,5.573968,16.71992
1189,48.68254,5.857293,15.32891
1190,48.68254,5.422118,15.97277
1191,48.68254,6.174114,15.20858
1192,48.68254,5.422118,14.89256
1193,48.68254,6.254655,14.99985
1194,48.68254,5.857293,16.04556
1195,48.68254,5.857293,14.01884
1196,48.68254,5.573968,14.86464
1197,48.68254,5.422118,14.17075
1198,48.68254,5.857293,15.01162
1199,48.68254,5.422118,14.25222
1200,48.68254,5.857293,15.29175
1201,48.68254,5.573968,14.42953
1202,48.68254,6.174114,14.80556
1203,48.68254,6.174114,14.55531
1204,48.68254,6.610242,14.88426
1205,48.68254,6.174114,15.11486
1206,48.68254,5.573968,14.41384
1207,48.68254,6.254655,15.74167
1208,48.68254,6.610242,16.38515
1209,48.68254,5.857293,14.41857
1210,48.68254,5.857293,15.85495
1211,48.68254,6.75,15.42067
1212,48.68254,5.422118,15.39184
1213,48.68254,5.422118,15.34861
1214,48.68254,5.573968,14.28645
1215,48.68254,5.422118,15.46873
1216,48.68254,5.422118,15.15455
1217,48.68254,5.857293,15.97112
1218,48.68254,5.573968,15.63344
1219,48.68254,6.174114,15.39228
1220,48.68254,6.174114,14.96799
1221,48.68254,5.422118,14.99037
1222,48.68254,6.254655,14.65201
1223,48.68254,6.174114,14.54581
1224,48.68254,5.857293,14.04807
1225,48.68254,5.857293,14.5575
1226,48.68254,5.422118,15.02044
1227,48.68254,5.422118,14.17746
1228,48.68254,5.422118,14.48915
1229,48.68254,5.422118,14.7416
1230,48.68254,5.857293,14.19188
1231,48.68254,5.857293,14.65135
1232,48.68254,5.422118,14.60264
1233,48.68254,5.857293,15.63971
1234,48.68254,5.422118,14.69631
1235,48.68254,6.174114,15.25991
1236,48.68254,5.573968,15.42886
1237,48.68254,6.254655,15.88607
1238,48.68254,6.254655,15.3846
1239,48.68254,6.254655,16.01876
1240,48.68254,5.422118,14.81418
1241,48.68254,6.254655,16.29459
1242,48.68254,6.174114,15.13024
1243,48.68254,5.422118,14.71547
1244,48.68254,5.857293,14.82135
1245,48.68254,5.573968,15.23902
1246,48.68254,6.174114,15.4082
1247,48.68254,6.174114,15.86655
1248,48.68254,6.610242,16.23778
1249,48.68254,5.573968,16.67077
1250,48.68254,5.422118,15.95286
1251,48.68254,5.573968,15.79398
1252,48.68254,5.422118,16.46343
1253,48.68254,5.422118,16.96985
1254,48.68254,5.573968,14.99479
1255,48.68254,6.920034,15.82804
1256,48.68254,5.857293,15.98145
1257,48.68254,6.610242,15.43358
1258,48.68254,6.610242,15.94178
1259,48.68254,6.254655,16.37836
1260,48.68254,6.174114,15.68477
1261,48.68254,5.857293,15.98999
1262,48.68254,6.174114,16.64868
1263,48.68254,5.422118,15.9895
1264,48.68254,6.75,16.32575
1265,48.68254,5.857293,15.60757
1266,48.68254,5.857293,15.60067
1267,48.68254,5.573968,15.87027
1268,48.68254,5.573968,15.48385
1269,48.68254,5.573968,15.94037
1270,48.68254,5.422118,15.51451
1271,48.68254,5.422118,14.59684
1272,48.68254,5.857293,15.71568
1273,48.68254,5.573968,15.75873
1274,48.68254,6.174114,16.2919
1275,48.68254,5.422118,16.0254
1276,48.68254,5.573968,15.06619
1277,48.68254,5.422118,16.25269
1278,48.68254,6.254655,15.87454
1279,48.68254,6.610242,15.57671

RunNumber,Mutation Rate,Population Size,Gene Size,Parallel, Fixed RNG Seed,Selection Percentage,Elitist Selection Percentage
1,0.15,100,175,True,True,0.5,0.05

Generation,Best Fitness,Lowest Fitness,Average Fitness

RunNumber,Mutation Rate,Population Size,Gene Size,Parallel, Fixed RNG Seed,Selection Percentage,Elitist Selection Percentage
2,0.15,100,175,False,True,0.5,0.05

Generation,Best Fitness,Lowest Fitness,Average Fitness

RunNumber,Mutation Rate,Population Size,Gene Size,Parallel, Fixed RNG Seed,Selection Percentage,Elitist Selection Percentage
1,0.15,100,175,True,True,0.5,0.05

Generation,Best Fitness,Lowest Fitness,Average Fitness

RunNumber,Mutation Rate,Population Size,Gene Size,Parallel, Fixed RNG Seed,Selection Percentage,Elitist Selection Percentage
2,0.15,100,175,False,True,0.5,0.05

Generation,Best Fitness,Lowest Fitness,Average Fitness

RunNumber,Mutation Rate,Population Size,Gene Size,Parallel, Fixed RNG Seed,Selection Percentage,Elitist Selection Percentage
1,0.15,100,175,True,True,0.5,0.05

Generation,Best Fitness,Lowest Fitness,Average Fitness
0,14.40983,14.40983,14.40983
1,14.40983,14.40983,14.40983
2,14.40983,14.40983,14.40983

RunNumber,Mutation Rate,Population Size,Gene Size,Parallel, Fixed RNG Seed,Selection Percentage,Elitist Selection Percentage
1,0.15,100,100,True,True,0.5,0.05

Generation,Best Fitness,Lowest Fitness,Average Fitness
0,15.24014,15.24014,15.24012
1,15.24014,15.24014,15.24012
2,15.24014,15.24014,15.24012
3,15.24014,15.24014,15.24012
4,15.24014,15.24014,15.24012
5,15.24014,15.24014,15.24012
6,15.24014,15.24014,15.24012
7,15.24014,15.24014,15.24012
8,15.24014,15.24014,15.24012
9,15.24014,15.24014,15.24012
10,15.24014,15.24014,15.24012
11,15.24014,15.24014,15.24012
12,15.24014,15.24014,15.24012
13,15.24014,15.24014,15.24012
14,15.24014,15.24014,15.24012
15,15.24014,15.24014,15.24012
16,15.24014,15.24014,15.24012
17,15.24014,15.24014,15.24012
18,15.24014,15.24014,15.24012
19,15.24014,15.24014,15.24012
20,15.24014,15.24014,15.24012
21,15.24014,15.24014,15.24012
22,15.24014,15.24014,15.24012
23,15.24014,15.24014,15.24012
24,15.24014,15.24014,15.24012
25,15.24014,15.24014,15.24012
26,15.24014,15.24014,15.24012
27,15.24014,15.24014,15.24012
28,15.24014,15.24014,15.24012
29,15.24014,15.24014,15.24012
30,15.24014,15.24014,15.24012
31,15.24014,15.24014,15.24012
32,15.24014,15.24014,15.24012
33,15.24014,15.24014,15.24012
34,15.24014,15.24014,15.24012
35,15.24014,15.24014,15.24012
36,15.24014,15.24014,15.24012
37,15.24014,15.24014,15.24012
38,15.24014,15.24014,15.24012
39,15.24014,15.24014,15.24012
40,15.24014,15.24014,15.24012
41,15.24014,15.24014,15.24012
42,15.24014,15.24014,15.24012
43,15.24014,15.24014,15.24012
44,15.24014,15.24014,15.24012
45,15.24014,15.24014,15.24012
46,15.24014,15.24014,15.24012
47,15.24014,15.24014,15.24012
48,15.24014,15.24014,15.24012
49,15.24014,15.24014,15.24012
50,15.24014,15.24014,15.24012
51,15.24014,15.24014,15.24012
52,15.24014,15.24014,15.24012
53,15.24014,15.24014,15.24012
54,15.24014,15.24014,15.24012
55,15.24014,15.24014,15.24012
56,15.24014,15.24014,15.24012
57,15.24014,15.24014,15.24012
58,15.24014,15.24014,15.24012
59,15.24014,15.24014,15.24012
60,15.24014,15.24014,15.24012
61,15.24014,15.24014,15.24012
62,15.24014,15.24014,15.24012
63,15.24014,15.24014,15.24012
64,15.24014,15.24014,15.24012
65,15.24014,15.24014,15.24012
66,15.24014,15.24014,15.24012
67,15.24014,15.24014,15.24012
68,15.24014,15.24014,15.24012
69,15.24014,15.24014,15.24012
70,15.24014,15.24014,15.24012
71,15.24014,15.24014,15.24012
72,15.24014,15.24014,15.24012
73,15.24014,15.24014,15.24012
74,15.24014,15.24014,15.24012
75,15.24014,15.24014,15.24012
76,15.24014,15.24014,15.24012
77,15.24014,15.24014,15.24012
78,15.24014,15.24014,15.24012
79,15.24014,15.24014,15.24012
80,15.24014,15.24014,15.24012
81,15.24014,15.24014,15.24012
82,15.24014,15.24014,15.24012
83,15.24014,15.24014,15.24012
84,15.24014,15.24014,15.24012
85,15.24014,15.24014,15.24012
86,15.24014,15.24014,15.24012
87,15.24014,15.24014,15.24012
88,15.24014,15.24014,15.24012
89,15.24014,15.24014,15.24012
90,15.24014,15.24014,15.24012
91,15.24014,15.24014,15.24012
92,15.24014,15.24014,15.24012
93,15.24014,15.24014,15.24012
94,15.24014,15.24014,15.24012
95,15.24014,15.24014,15.24012
96,15.24014,15.24014,15.24012
97,15.24014,15.24014,15.24012
98,15.24014,15.24014,15.24012
99,15.24014,15.24014,15.24012
100,15.24014,15.24014,15.24012
101,15.24014,15.24014,15.24012
102,15.24014,15.24014,15.24012
103,15.24014,15.24014,15.24012
104,15.24014,15.24014,15.24012
105,15.24014,15.24014,15.24012
106,15.24014,15.24014,15.24012
107,15.24014,15.24014,15.24012
108,15.24014,15.24014,15.24012
109,15.24014,15.24014,15.24012
110,15.24014,15.24014,15.24012
111,15.24014,15.24014,15.24012
112,15.24014,15.24014,15.24012
113,15.24014,15.24014,15.24012
114,15.24014,15.24014,15.24012
115,15.24014,15.24014,15.24012
116,15.24014,15.24014,15.24012
117,15.24014,15.24014,15.24012
118,15.24014,15.24014,15.24012
119,15.24014,15.24014,15.24012
120,15.24014,15.24014,15.24012
121,15.24014,15.24014,15.24012
122,15.24014,15.24014,15.24012
123,15.24014,15.24014,15.24012
124,15.24014,15.24014,15.24012
125,15.24014,15.24014,15.24012
126,15.24014,15.24014,15.24012
127,15.24014,15.24014,15.24012
128,15.24014,15.24014,15.24012
129,15.24014,15.24014,15.24012
130,15.24014,15.24014,15.24012
131,15.24014,15.24014,15.24012
132,15.24014,15.24014,15.24012
133,15.24014,15.24014,15.24012
134,15.24014,15.24014,15.24012
135,15.24014,15.24014,15.24012
136,15.24014,15.24014,15.24012
137,15.24014,15.24014,15.24012
138,15.24014,15.24014,15.24012
139,15.24014,15.24014,15.24012
140,15.24014,15.24014,15.24012
141,15.24014,15.24014,15.24012
142,15.24014,15.24014,15.24012
143,15.24014,15.24014,15.24012
144,15.24014,15.24014,15.24012
145,15.24014,15.24014,15.24012
146,15.24014,15.24014,15.24012
147,15.24014,15.24014,15.24012
148,15.24014,15.24014,15.24012
149,15.24014,15.24014,15.24012
150,15.24014,15.24014,15.24012
151,15.24014,15.24014,15.24012
152,15.24014,15.24014,15.24012
153,15.24014,15.24014,15.24012
154,15.24014,15.24014,15.24012
155,15.24014,15.24014,15.24012
156,15.24014,15.24014,15.24012
157,15.24014,15.24014,15.24012
158,15.24014,15.24014,15.24012
159,15.24014,15.24014,15.24012
160,15.24014,15.24014,15.24012
161,15.24014,15.24014,15.24012
162,15.24014,15.24014,15.24012
163,15.24014,15.24014,15.24012
164,15.24014,15.24014,15.24012
165,15.24014,15.24014,15.24012
166,15.24014,15.24014,15.24012
167,15.24014,15.24014,15.24012
168,15.24014,15.24014,15.24012
169,15.24014,15.24014,15.24012
170,15.24014,15.24014,15.24012
171,15.24014,15.24014,15.24012
172,15.24014,15.24014,15.24012
173,15.24014,15.24014,15.24012
174,15.24014,15.24014,15.24012
175,15.24014,15.24014,15.24012
176,15.24014,15.24014,15.24012
177,15.24014,15.24014,15.24012
178,15.24014,15.24014,15.24012
179,15.24014,15.24014,15.24012
180,15.24014,15.24014,15.24012
181,15.24014,15.24014,15.24012
182,15.24014,15.24014,15.24012
183,15.24014,15.24014,15.24012
184,15.24014,15.24014,15.24012
185,15.24014,15.24014,15.24012
186,15.24014,15.24014,15.24012
187,15.24014,15.24014,15.24012
188,15.24014,15.24014,15.24012
189,15.24014,15.24014,15.24012
190,15.24014,15.24014,15.24012
191,15.24014,15.24014,15.24012
192,15.24014,15.24014,15.24012
193,15.24014,15.24014,15.24012
194,15.24014,15.24014,15.24012
195,15.24014,15.24014,15.24012
196,15.24014,15.24014,15.24012
197,15.24014,15.24014,15.24012
198,15.24014,15.24014,15.24012
199,15.24014,15.24014,15.24012
200,15.24014,15.24014,15.24012
201,15.24014,15.24014,15.24012
202,15.24014,15.24014,15.24012
203,15.24014,15.24014,15.24012
204,15.24014,15.24014,15.24012
205,15.24014,15.24014,15.24012
206,15.24014,15.24014,15.24012
207,15.24014,15.24014,15.24012
208,15.24014,15.24014,15.24012
209,15.24014,15.24014,15.24012
210,15.24014,15.24014,15.24012
211,15.24014,15.24014,15.24012
212,15.24014,15.24014,15.24012
213,15.24014,15.24014,15.24012
214,15.24014,15.24014,15.24012
215,15.24014,15.24014,15.24012
216,15.24014,15.24014,15.24012
217,15.24014,15.24014,15.24012
218,15.24014,15.24014,15.24012
219,15.24014,15.24014,15.24012
220,15.24014,15.24014,15.24012
221,15.24014,15.24014,15.24012
222,15.24014,15.24014,15.24012
223,15.24014,15.24014,15.24012
224,15.24014,15.24014,15.24012
225,15.24014,15.24014,15.24012
226,15.24014,15.24014,15.24012
227,15.24014,15.24014,15.24012
228,15.24014,15.24014,15.24012
229,15.24014,15.24014,15.24012
230,15.24014,15.24014,15.24012
231,15.24014,15.24014,15.24012
232,15.24014,15.24014,15.24012
233,15.24014,15.24014,15.24012
234,15.24014,15.24014,15.24012
235,15.24014,15.24014,15.24012
236,15.24014,15.24014,15.24012
237,15.24014,15.24014,15.24012
238,15.24014,15.24014,15.24012
239,15.24014,15.24014,15.24012
240,15.24014,15.24014,15.24012
241,15.24014,15.24014,15.24012
242,15.24014,15.24014,15.24012
243,15.24014,15.24014,15.24012
244,15.24014,15.24014,15.24012
245,15.24014,15.24014,15.24012
246,15.24014,15.24014,15.24012
247,15.24014,15.24014,15.24012
248,15.24014,15.24014,15.24012
249,15.24014,15.24014,15.24012
250,15.24014,15.24014,15.24012
251,15.24014,15.24014,15.24012
252,15.24014,15.24014,15.24012
253,15.24014,15.24014,15.24012
254,15.24014,15.24014,15.24012
255,15.24014,15.24014,15.24012
256,15.24014,15.24014,15.24012
257,15.24014,15.24014,15.24012
258,15.24014,15.24014,15.24012
259,15.24014,15.24014,15.24012
260,15.24014,15.24014,15.24012
261,15.24014,15.24014,15.24012
262,15.24014,15.24014,15.24012
263,15.24014,15.24014,15.24012
264,15.24014,15.24014,15.24012
265,15.24014,15.24014,15.24012
266,15.24014,15.24014,15.24012
267,15.24014,15.24014,15.24012
268,15.24014,15.24014,15.24012
269,15.24014,15.24014,15.24012
270,15.24014,15.24014,15.24012
271,15.24014,15.24014,15.24012
272,15.24014,15.24014,15.24012
273,15.24014,15.24014,15.24012
274,15.24014,15.24014,15.24012
275,15.24014,15.24014,15.24012
276,15.24014,15.24014,15.24012
277,15.24014,15.24014,15.24012
278,15.24014,15.24014,15.24012
279,15.24014,15.24014,15.24012
280,15.24014,15.24014,15.24012
281,15.24014,15.24014,15.24012
282,15.24014,15.24014,15.24012
283,15.24014,15.24014,15.24012
284,15.24014,15.24014,15.24012
285,15.24014,15.24014,15.24012
286,15.24014,15.24014,15.24012
287,15.24014,15.24014,15.24012
288,15.24014,15.24014,15.24012
289,15.24014,15.24014,15.24012
290,15.24014,15.24014,15.24012
291,15.24014,15.24014,15.24012
292,15.24014,15.24014,15.24012
293,15.24014,15.24014,15.24012
294,15.24014,15.24014,15.24012
295,15.24014,15.24014,15.24012
296,15.24014,15.24014,15.24012
297,15.24014,15.24014,15.24012
298,15.24014,15.24014,15.24012
299,15.24014,15.24014,15.24012
300,15.24014,15.24014,15.24012
301,15.24014,15.24014,15.24012
302,15.24014,15.24014,15.24012
303,15.24014,15.24014,15.24012
304,15.24014,15.24014,15.24012
305,15.24014,15.24014,15.24012
306,15.24014,15.24014,15.24012
307,15.24014,15.24014,15.24012
308,15.24014,15.24014,15.24012
309,15.24014,15.24014,15.24012
310,15.24014,15.24014,15.24012
311,15.24014,15.24014,15.24012
312,15.24014,15.24014,15.24012
313,15.24014,15.24014,15.24012
314,15.24014,15.24014,15.24012
315,15.24014,15.24014,15.24012
316,15.24014,15.24014,15.24012
317,15.24014,15.24014,15.24012
318,15.24014,15.24014,15.24012
319,15.24014,15.24014,15.24012
320,15.24014,15.24014,15.24012
321,15.24014,15.24014,15.24012
322,15.24014,15.24014,15.24012
323,15.24014,15.24014,15.24012
324,15.24014,15.24014,15.24012
325,15.24014,15.24014,15.24012
326,15.24014,15.24014,15.24012
327,15.24014,15.24014,15.24012
328,15.24014,15.24014,15.24012
329,15.24014,15.24014,15.24012
330,15.24014,15.24014,15.24012
331,15.24014,15.24014,15.24012
332,15.24014,15.24014,15.24012
333,15.24014,15.24014,15.24012
334,15.24014,15.24014,15.24012
335,15.24014,15.24014,15.24012
336,15.24014,15.24014,15.24012
337,15.24014,15.24014,15.24012
338,15.24014,15.24014,15.24012
339,15.24014,15.24014,15.24012
340,15.24014,15.24014,15.24012
341,15.24014,15.24014,15.24012
342,15.24014,15.24014,15.24012
343,15.24014,15.24014,15.24012
344,15.24014,15.24014,15.24012
345,15.24014,15.24014,15.24012
346,15.24014,15.24014,15.24012
347,15.24014,15.24014,15.24012
348,15.24014,15.24014,15.24012
349,15.24014,15.24014,15.24012
350,15.24014,15.24014,15.24012
351,15.24014,15.24014,15.24012
352,15.24014,15.24014,15.24012
353,15.24014,15.24014,15.24012
354,15.24014,15.24014,15.24012
355,15.24014,15.24014,15.24012
356,15.24014,15.24014,15.24012
357,15.24014,15.24014,15.24012
358,15.24014,15.24014,15.24012
359,15.24014,15.24014,15.24012
360,15.24014,15.24014,15.24012
361,15.24014,15.24014,15.24012
362,15.24014,15.24014,15.24012
363,15.24014,15.24014,15.24012
364,15.24014,15.24014,15.24012
365,15.24014,15.24014,15.24012
366,15.24014,15.24014,15.24012
367,15.24014,15.24014,15.24012
368,15.24014,15.24014,15.24012
369,15.24014,15.24014,15.24012
370,15.24014,15.24014,15.24012
371,15.24014,15.24014,15.24012
372,15.24014,15.24014,15.24012
373,15.24014,15.24014,15.24012
374,15.24014,15.24014,15.24012
375,15.24014,15.24014,15.24012
376,15.24014,15.24014,15.24012
377,15.24014,15.24014,15.24012
378,15.24014,15.24014,15.24012
379,15.24014,15.24014,15.24012
380,15.24014,15.24014,15.24012
381,15.24014,15.24014,15.24012
382,15.24014,15.24014,15.24012
383,15.24014,15.24014,15.24012
384,15.24014,15.24014,15.24012
385,15.24014,15.24014,15.24012
386,15.24014,15.24014,15.24012
387,15.24014,15.24014,15.24012
388,15.24014,15.24014,15.24012
389,15.24014,15.24014,15.24012
390,15.24014,15.24014,15.24012
391,15.24014,15.24014,15.24012
392,15.24014,15.24014,15.24012
393,15.24014,15.24014,15.24012
394,15.24014,15.24014,15.24012
395,15.24014,15.24014,15.24012
396,15.24014,15.24014,15.24012
397,15.24014,15.24014,15.24012
398,15.24014,15.24014,15.24012
399,15.24014,15.24014,15.24012
400,15.24014,15.24014,15.24012
401,15.24014,15.24014,15.24012
402,15.24014,15.24014,15.24012
403,15.24014,15.24014,15.24012
404,15.24014,15.24014,15.24012
405,15.24014,15.24014,15.24012
406,15.24014,15.24014,15.24012
407,15.24014,15.24014,15.24012
408,15.24014,15.24014,15.24012
409,15.24014,15.24014,15.24012
410,15.24014,15.24014,15.24012
411,15.24014,15.24014,15.24012
412,15.24014,15.24014,15.24012
413,15.24014,15.24014,15.24012
414,15.24014,15.24014,15.24012
415,15.24014,15.24014,15.24012
416,15.24014,15.24014,15.24012
417,15.24014,15.24014,15.24012
418,15.24014,15.24014,15.24012
419,15.24014,15.24014,15.24012
420,15.24014,15.24014,15.24012
421,15.24014,15.24014,15.24012
422,15.24014,15.24014,15.24012
423,15.24014,15.24014,15.24012
424,15.24014,15.24014,15.24012
425,15.24014,15.24014,15.24012
426,15.24014,15.24014,15.24012
427,15.24014,15.24014,15.24012
428,15.24014,15.24014,15.24012
429,15.24014,15.24014,15.24012
430,15.24014,15.24014,15.24012
431,15.24014,15.24014,15.24012
432,15.24014,15.24014,15.24012
433,15.24014,15.24014,15.24012
434,15.24014,15.24014,15.24012
435,15.24014,15.24014,15.24012
436,15.24014,15.24014,15.24012
437,15.24014,15.24014,15.24012
438,15.24014,15.24014,15.24012
439,15.24014,15.24014,15.24012
440,15.24014,15.24014,15.24012
441,15.24014,15.24014,15.24012
442,15.24014,15.24014,15.24012
443,15.24014,15.24014,15.24012
444,15.24014,15.24014,15.24012
445,15.24014,15.24014,15.24012
446,15.24014,15.24014,15.24012
447,15.24014,15.24014,15.24012
448,15.24014,15.24014,15.24012
449,15.24014,15.24014,15.24012
450,15.24014,15.24014,15.24012
451,15.24014,15.24014,15.24012
452,15.24014,15.24014,15.24012
453,15.24014,15.24014,15.24012
454,15.24014,15.24014,15.24012
455,15.24014,15.24014,15.24012
456,15.24014,15.24014,15.24012
457,15.24014,15.24014,15.24012
458,15.24014,15.24014,15.24012
459,15.24014,15.24014,15.24012
460,15.24014,15.24014,15.24012
461,15.24014,15.24014,15.24012
462,15.24014,15.24014,15.24012
463,15.24014,15.24014,15.24012
464,15.24014,15.24014,15.24012
465,15.24014,15.24014,15.24012
466,15.24014,15.24014,15.24012
467,15.24014,15.24014,15.24012
468,15.24014,15.24014,15.24012
469,15.24014,15.24014,15.24012
470,15.24014,15.24014,15.24012
471,15.24014,15.24014,15.24012
472,15.24014,15.24014,15.24012
473,15.24014,15.24014,15.24012
474,15.24014,15.24014,15.24012
475,15.24014,15.24014,15.24012
476,15.24014,15.24014,15.24012
477,15.24014,15.24014,15.24012
478,15.24014,15.24014,15.24012
479,15.24014,15.24014,15.24012
480,15.24014,15.24014,15.24012
481,15.24014,15.24014,15.24012
482,15.24014,15.24014,15.24012
483,15.24014,15.24014,15.24012
484,15.24014,15.24014,15.24012
485,15.24014,15.24014,15.24012
486,15.24014,15.24014,15.24012
487,15.24014,15.24014,15.24012
488,15.24014,15.24014,15.24012
489,15.24014,15.24014,15.24012
490,15.24014,15.24014,15.24012
491,15.24014,15.24014,15.24012
492,15.24014,15.24014,15.24012
493,15.24014,15.24014,15.24012
494,15.24014,15.24014,15.24012
495,15.24014,15.24014,15.24012
496,15.24014,15.24014,15.24012
497,15.24014,15.24014,15.24012
498,15.24014,15.24014,15.24012
499,15.24014,15.24014,15.24012
500,15.24014,15.24014,15.24012
501,15.24014,15.24014,15.24012
502,15.24014,15.24014,15.24012
503,15.24014,15.24014,15.24012
504,15.24014,15.24014,15.24012
505,15.24014,15.24014,15.24012
506,15.24014,15.24014,15.24012
507,15.24014,15.24014,15.24012
508,15.24014,15.24014,15.24012
509,15.24014,15.24014,15.24012
510,15.24014,15.24014,15.24012
511,15.24014,15.24014,15.24012
512,15.24014,15.24014,15.24012
513,15.24014,15.24014,15.24012
514,15.24014,15.24014,15.24012
515,15.24014,15.24014,15.24012
516,15.24014,15.24014,15.24012
517,15.24014,15.24014,15.24012
518,15.24014,15.24014,15.24012
519,15.24014,15.24014,15.24012
520,15.24014,15.24014,15.24012
521,15.24014,15.24014,15.24012
522,15.24014,15.24014,15.24012
523,15.24014,15.24014,15.24012
524,15.24014,15.24014,15.24012
525,15.24014,15.24014,15.24012
526,15.24014,15.24014,15.24012
527,15.24014,15.24014,15.24012
528,15.24014,15.24014,15.24012
529,15.24014,15.24014,15.24012
530,15.24014,15.24014,15.24012
531,15.24014,15.24014,15.24012
532,15.24014,15.24014,15.24012
533,15.24014,15.24014,15.24012
534,15.24014,15.24014,15.24012
535,15.24014,15.24014,15.24012
536,15.24014,15.24014,15.24012
537,15.24014,15.24014,15.24012
538,15.24014,15.24014,15.24012
539,15.24014,15.24014,15.24012
540,15.24014,15.24014,15.24012
541,15.24014,15.24014,15.24012
542,15.24014,15.24014,15.24012
543,15.24014,15.24014,15.24012
544,15.24014,15.24014,15.24012
545,15.24014,15.24014,15.24012
546,15.24014,15.24014,15.24012
547,15.24014,15.24014,15.24012
548,15.24014,15.24014,15.24012
549,15.24014,15.24014,15.24012
550,15.24014,15.24014,15.24012
551,15.24014,15.24014,15.24012
552,15.24014,15.24014,15.24012
553,15.24014,15.24014,15.24012
554,15.24014,15.24014,15.24012
555,15.24014,15.24014,15.24012
556,15.24014,15.24014,15.24012
557,15.24014,15.24014,15.24012
558,15.24014,15.24014,15.24012
559,15.24014,15.24014,15.24012
560,15.24014,15.24014,15.24012
561,15.24014,15.24014,15.24012
562,15.24014,15.24014,15.24012
563,15.24014,15.24014,15.24012
564,15.24014,15.24014,15.24012
565,15.24014,15.24014,15.24012
566,15.24014,15.24014,15.24012
567,15.24014,15.24014,15.24012
568,15.24014,15.24014,15.24012
569,15.24014,15.24014,15.24012
570,15.24014,15.24014,15.24012
571,15.24014,15.24014,15.24012
572,15.24014,15.24014,15.24012
573,15.24014,15.24014,15.24012
574,15.24014,15.24014,15.24012
575,15.24014,15.24014,15.24012
576,15.24014,15.24014,15.24012
577,15.24014,15.24014,15.24012
578,15.24014,15.24014,15.24012
579,15.24014,15.24014,15.24012
580,15.24014,15.24014,15.24012
581,15.24014,15.24014,15.24012
582,15.24014,15.24014,15.24012
583,15.24014,15.24014,15.24012
584,15.24014,15.24014,15.24012
585,15.24014,15.24014,15.24012
586,15.24014,15.24014,15.24012
587,15.24014,15.24014,15.24012
588,15.24014,15.24014,15.24012
589,15.24014,15.24014,15.24012
590,15.24014,15.24014,15.24012
591,15.24014,15.24014,15.24012
592,15.24014,15.24014,15.24012
593,15.24014,15.24014,15.24012
594,15.24014,15.24014,15.24012
595,15.24014,15.24014,15.24012
596,15.24014,15.24014,15.24012
597,15.24014,15.24014,15.24012
598,15.24014,15.24014,15.24012
599,15.24014,15.24014,15.24012
600,15.24014,15.24014,15.24012
601,15.24014,15.24014,15.24012
602,15.24014,15.24014,15.24012
603,15.24014,15.24014,15.24012
604,15.24014,15.24014,15.24012
605,15.24014,15.24014,15.24012
606,15.24014,15.24014,15.24012
607,15.24014,15.24014,15.24012
608,15.24014,15.24014,15.24012
609,15.24014,15.24014,15.24012
610,15.24014,15.24014,15.24012
611,15.24014,15.24014,15.24012
612,15.24014,15.24014,15.24012
613,15.24014,15.24014,15.24012
614,15.24014,15.24014,15.24012
615,15.24014,15.24014,15.24012
616,15.24014,15.24014,15.24012
617,15.24014,15.24014,15.24012
618,15.24014,15.24014,15.24012
619,15.24014,15.24014,15.24012
620,15.24014,15.24014,15.24012
621,15.24014,15.24014,15.24012
622,15.24014,15.24014,15.24012
623,15.24014,15.24014,15.24012
624,15.24014,15.24014,15.24012
625,15.24014,15.24014,15.24012
626,15.24014,15.24014,15.24012
627,15.24014,15.24014,15.24012
628,15.24014,15.24014,15.24012
629,15.24014,15.24014,15.24012
630,15.24014,15.24014,15.24012
631,15.24014,15.24014,15.24012
632,15.24014,15.24014,15.24012
633,15.24014,15.24014,15.24012
634,15.24014,15.24014,15.24012
635,15.24014,15.24014,15.24012
636,15.24014,15.24014,15.24012
637,15.24014,15.24014,15.24012
638,15.24014,15.24014,15.24012
639,15.24014,15.24014,15.24012
640,15.24014,15.24014,15.24012
641,15.24014,15.24014,15.24012
642,15.24014,15.24014,15.24012
643,15.24014,15.24014,15.24012
644,15.24014,15.24014,15.24012
645,15.24014,15.24014,15.24012
646,15.24014,15.24014,15.24012
647,15.24014,15.24014,15.24012
648,15.24014,15.24014,15.24012
649,15.24014,15.24014,15.24012
650,15.24014,15.24014,15.24012
651,15.24014,15.24014,15.24012
652,15.24014,15.24014,15.24012
653,15.24014,15.24014,15.24012
654,15.24014,15.24014,15.24012
655,15.24014,15.24014,15.24012
656,15.24014,15.24014,15.24012
657,15.24014,15.24014,15.24012
658,15.24014,15.24014,15.24012
659,15.24014,15.24014,15.24012
660,15.24014,15.24014,15.24012
661,15.24014,15.24014,15.24012
662,15.24014,15.24014,15.24012
663,15.24014,15.24014,15.24012
664,15.24014,15.24014,15.24012
665,15.24014,15.24014,15.24012
666,15.24014,15.24014,15.24012
667,15.24014,15.24014,15.24012
668,15.24014,15.24014,15.24012
669,15.24014,15.24014,15.24012
670,15.24014,15.24014,15.24012
671,15.24014,15.24014,15.24012
672,15.24014,15.24014,15.24012
673,15.24014,15.24014,15.24012
674,15.24014,15.24014,15.24012
675,15.24014,15.24014,15.24012
676,15.24014,15.24014,15.24012
677,15.24014,15.24014,15.24012
678,15.24014,15.24014,15.24012
679,15.24014,15.24014,15.24012
680,15.24014,15.24014,15.24012
681,15.24014,15.24014,15.24012
682,15.24014,15.24014,15.24012
683,15.24014,15.24014,15.24012
684,15.24014,15.24014,15.24012
685,15.24014,15.24014,15.24012
686,15.24014,15.24014,15.24012
687,15.24014,15.24014,15.24012
688,15.24014,15.24014,15.24012
689,15.24014,15.24014,15.24012
690,15.24014,15.24014,15.24012
691,15.24014,15.24014,15.24012
692,15.24014,15.24014,15.24012
693,15.24014,15.24014,15.24012
694,15.24014,15.24014,15.24012
695,15.24014,15.24014,15.24012
696,15.24014,15.24014,15.24012
697,15.24014,15.24014,15.24012
698,15.24014,15.24014,15.24012
699,15.24014,15.24014,15.24012
700,15.24014,15.24014,15.24012
701,15.24014,15.24014,15.24012
702,15.24014,15.24014,15.24012
703,15.24014,15.24014,15.24012
704,15.24014,15.24014,15.24012
705,15.24014,15.24014,15.24012
706,15.24014,15.24014,15.24012
707,15.24014,15.24014,15.24012
708,15.24014,15.24014,15.24012
709,15.24014,15.24014,15.24012
710,15.24014,15.24014,15.24012
711,15.24014,15.24014,15.24012
712,15.24014,15.24014,15.24012
713,15.24014,15.24014,15.24012
714,15.24014,15.24014,15.24012
715,15.24014,15.24014,15.24012
716,15.24014,15.24014,15.24012
717,15.24014,15.24014,15.24012
718,15.24014,15.24014,15.24012
719,15.24014,15.24014,15.24012
720,15.24014,15.24014,15.24012
721,15.24014,15.24014,15.24012
722,15.24014,15.24014,15.24012
723,15.24014,15.24014,15.24012
724,15.24014,15.24014,15.24012
725,15.24014,15.24014,15.24012
726,15.24014,15.24014,15.24012
727,15.24014,15.24014,15.24012
728,15.24014,15.24014,15.24012
729,15.24014,15.24014,15.24012
730,15.24014,15.24014,15.24012
731,15.24014,15.24014,15.24012
732,15.24014,15.24014,15.24012
733,15.24014,15.24014,15.24012
734,15.24014,15.24014,15.24012
735,15.24014,15.24014,15.24012
736,15.24014,15.24014,15.24012
737,15.24014,15.24014,15.24012
738,15.24014,15.24014,15.24012
739,15.24014,15.24014,15.24012
740,15.24014,15.24014,15.24012
741,15.24014,15.24014,15.24012
742,15.24014,15.24014,15.24012
743,15.24014,15.24014,15.24012
744,15.24014,15.24014,15.24012
745,15.24014,15.24014,15.24012
746,15.24014,15.24014,15.24012
747,15.24014,15.24014,15.24012
748,15.24014,15.24014,15.24012
749,15.24014,15.24014,15.24012
750,15.24014,15.24014,15.24012
751,15.24014,15.24014,15.24012
752,15.24014,15.24014,15.24012
753,15.24014,15.24014,15.24012
754,15.24014,15.24014,15.24012
755,15.24014,15.24014,15.24012
756,15.24014,15.24014,15.24012
757,15.24014,15.24014,15.24012
758,15.24014,15.24014,15.24012
759,15.24014,15.24014,15.24012
760,15.24014,15.24014,15.24012
761,15.24014,15.24014,15.24012
762,15.24014,15.24014,15.24012
763,15.24014,15.24014,15.24012
764,15.24014,15.24014,15.24012
765,15.24014,15.24014,15.24012
766,15.24014,15.24014,15.24012
767,15.24014,15.24014,15.24012
768,15.24014,15.24014,15.24012
769,15.24014,15.24014,15.24012
770,15.24014,15.24014,15.24012
771,15.24014,15.24014,15.24012
772,15.24014,15.24014,15.24012
773,15.24014,15.24014,15.24012
774,15.24014,15.24014,15.24012
775,15.24014,15.24014,15.24012
776,15.24014,15.24014,15.24012
777,15.24014,15.24014,15.24012
778,15.24014,15.24014,15.24012
779,15.24014,15.24014,15.24012
780,15.24014,15.24014,15.24012
781,15.24014,15.24014,15.24012
782,15.24014,15.24014,15.24012
783,15.24014,15.24014,15.24012
784,15.24014,15.24014,15.24012
785,15.24014,15.24014,15.24012
786,15.24014,15.24014,15.24012
787,15.24014,15.24014,15.24012
788,15.24014,15.24014,15.24012
789,15.24014,15.24014,15.24012
790,15.24014,15.24014,15.24012
791,15.24014,15.24014,15.24012
792,15.24014,15.24014,15.24012
793,15.24014,15.24014,15.24012
794,15.24014,15.24014,15.24012
795,15.24014,15.24014,15.24012
796,15.24014,15.24014,15.24012
797,15.24014,15.24014,15.24012
798,15.24014,15.24014,15.24012
799,15.24014,15.24014,15.24012
800,15.24014,15.24014,15.24012
801,15.24014,15.24014,15.24012
802,15.24014,15.24014,15.24012
803,15.24014,15.24014,15.24012
804,15.24014,15.24014,15.24012
805,15.24014,15.24014,15.24012
806,15.24014,15.24014,15.24012
807,15.24014,15.24014,15.24012
808,15.24014,15.24014,15.24012
809,15.24014,15.24014,15.24012

RunNumber,Mutation Rate,Population Size,Gene Size,Parallel, Fixed RNG Seed,Selection Percentage,Elitist Selection Percentage
2,0.15,100,100,False,True,0.5,0.05

Generation,Best Fitness,Lowest Fitness,Average Fitness
0,15.24014,0,15.24012
1,15.24014,14.07073,15.24012
2,15.24014,14.07073,15.24012
3,15.24014,15.24014,15.24012
4,15.24014,14.07073,15.24012
5,15.24014,14.40983,15.24012
6,15.24014,14.07073,15.24012
7,15.24014,14.40983,15.24012
8,15.24014,14.40983,15.24012
9,15.24014,15.24014,15.24012
10,15.24014,14.07073,15.24012
11,15.24014,15.24014,15.24012
12,15.24014,15.24014,15.24012
13,15.24014,15.24014,15.24012
14,15.24014,14.84612,15.24012
15,15.24014,14.84612,15.24012
16,15.24014,14.84612,15.24012

RunNumber,Mutation Rate,Population Size,Gene Size,Parallel, Fixed RNG Seed,Selection Percentage,Elitist Selection Percentage
3,0.15,100,100,True,True,0.5,0.05

Generation,Best Fitness,Lowest Fitness,Average Fitness
0,15.24014,15.24014,15.24012
1,15.24014,15.24014,15.24012
2,15.24014,15.24014,15.24012
3,15.24014,15.24014,15.24012
4,15.24014,15.24014,15.24012
5,15.24014,15.24014,15.24012
6,15.24014,15.24014,15.24012
7,15.24014,15.24014,15.24012
8,15.24014,15.24014,15.24012
9,15.24014,15.24014,15.24012
10,15.24014,15.24014,15.24012
11,15.24014,15.24014,15.24012
12,15.24014,15.24014,15.24012
13,15.24014,15.24014,15.24012
14,15.24014,15.24014,15.24012
15,15.24014,15.24014,15.24012
16,15.24014,15.24014,15.24012
17,15.24014,15.24014,15.24012
18,15.24014,15.24014,15.24012
19,15.24014,15.24014,15.24012
20,15.24014,15.24014,15.24012
21,15.24014,15.24014,15.24012
22,15.24014,15.24014,15.24012
23,15.24014,15.24014,15.24012
24,15.24014,15.24014,15.24012
25,15.24014,15.24014,15.24012
26,15.24014,15.24014,15.24012
27,15.24014,15.24014,15.24012
28,15.24014,15.24014,15.24012
29,15.24014,15.24014,15.24012
30,15.24014,15.24014,15.24012
31,15.24014,15.24014,15.24012
32,15.24014,15.24014,15.24012
33,15.24014,15.24014,15.24012
34,15.24014,15.24014,15.24012
35,15.24014,15.24014,15.24012
36,15.24014,15.24014,15.24012
37,15.24014,15.24014,15.24012
38,15.24014,15.24014,15.24012
39,15.24014,15.24014,15.24012
40,15.24014,15.24014,15.24012
41,15.24014,15.24014,15.24012
42,15.24014,15.24014,15.24012
43,15.24014,15.24014,15.24012
44,15.24014,15.24014,15.24012
45,15.24014,15.24014,15.24012
46,15.24014,15.24014,15.24012
47,15.24014,15.24014,15.24012
48,15.24014,15.24014,15.24012
49,15.24014,15.24014,15.24012
50,15.24014,15.24014,15.24012
51,15.24014,15.24014,15.24012
52,15.24014,15.24014,15.24012
53,15.24014,15.24014,15.24012
54,15.24014,15.24014,15.24012
55,15.24014,15.24014,15.24012
56,15.24014,15.24014,15.24012
57,15.24014,15.24014,15.24012
58,15.24014,15.24014,15.24012
59,15.24014,15.24014,15.24012
60,15.24014,15.24014,15.24012
61,15.24014,15.24014,15.24012
62,15.24014,15.24014,15.24012
63,15.24014,15.24014,15.24012
64,15.24014,15.24014,15.24012
65,15.24014,15.24014,15.24012
66,15.24014,15.24014,15.24012
67,15.24014,15.24014,15.24012
68,15.24014,15.24014,15.24012
69,15.24014,15.24014,15.24012
70,15.24014,15.24014,15.24012
71,15.24014,15.24014,15.24012
72,15.24014,15.24014,15.24012
73,15.24014,15.24014,15.24012
74,15.24014,15.24014,15.24012
75,15.24014,15.24014,15.24012
76,15.24014,15.24014,15.24012
77,15.24014,15.24014,15.24012
78,15.24014,15.24014,15.24012
79,15.24014,15.24014,15.24012
80,15.24014,15.24014,15.24012
81,15.24014,15.24014,15.24012
82,15.24014,15.24014,15.24012
83,15.24014,15.24014,15.24012
84,15.24014,15.24014,15.24012
85,15.24014,15.24014,15.24012
86,15.24014,15.24014,15.24012
87,15.24014,15.24014,15.24012
88,15.24014,15.24014,15.24012
89,15.24014,15.24014,15.24012
90,15.24014,15.24014,15.24012
91,15.24014,15.24014,15.24012
92,15.24014,15.24014,15.24012
93,15.24014,15.24014,15.24012
94,15.24014,15.24014,15.24012
95,15.24014,15.24014,15.24012
96,15.24014,15.24014,15.24012
97,15.24014,15.24014,15.24012
98,15.24014,15.24014,15.24012
99,15.24014,15.24014,15.24012
100,15.24014,15.24014,15.24012
101,15.24014,15.24014,15.24012
102,15.24014,15.24014,15.24012
103,15.24014,15.24014,15.24012
104,15.24014,15.24014,15.24012
105,15.24014,15.24014,15.24012
106,15.24014,15.24014,15.24012
107,15.24014,15.24014,15.24012
108,15.24014,15.24014,15.24012
109,15.24014,15.24014,15.24012
110,15.24014,15.24014,15.24012
111,15.24014,15.24014,15.24012
112,15.24014,15.24014,15.24012
113,15.24014,15.24014,15.24012
114,15.24014,15.24014,15.24012
115,15.24014,15.24014,15.24012
116,15.24014,15.24014,15.24012
117,15.24014,15.24014,15.24012
118,15.24014,15.24014,15.24012
119,15.24014,15.24014,15.24012
120,15.24014,15.24014,15.24012
121,15.24014,15.24014,15.24012
122,15.24014,15.24014,15.24012
123,15.24014,15.24014,15.24012
124,15.24014,15.24014,15.24012
125,15.24014,15.24014,15.24012
126,15.24014,15.24014,15.24012
127,15.24014,15.24014,15.24012
128,15.24014,15.24014,15.24012
129,15.24014,15.24014,15.24012
130,15.24014,15.24014,15.24012
131,15.24014,15.24014,15.24012
132,15.24014,15.24014,15.24012
133,15.24014,15.24014,15.24012
134,15.24014,15.24014,15.24012
135,15.24014,15.24014,15.24012
136,15.24014,15.24014,15.24012
137,15.24014,15.24014,15.24012
138,15.24014,15.24014,15.24012
139,15.24014,15.24014,15.24012
140,15.24014,15.24014,15.24012
141,15.24014,15.24014,15.24012
142,15.24014,15.24014,15.24012
143,15.24014,15.24014,15.24012
144,15.24014,15.24014,15.24012
145,15.24014,15.24014,15.24012
146,15.24014,15.24014,15.24012
147,15.24014,15.24014,15.24012
148,15.24014,15.24014,15.24012
149,15.24014,15.24014,15.24012
150,15.24014,15.24014,15.24012
151,15.24014,15.24014,15.24012
152,15.24014,15.24014,15.24012
153,15.24014,15.24014,15.24012
154,15.24014,15.24014,15.24012
155,15.24014,15.24014,15.24012
156,15.24014,15.24014,15.24012
157,15.24014,15.24014,15.24012
158,15.24014,15.24014,15.24012
159,15.24014,15.24014,15.24012
160,15.24014,15.24014,15.24012
161,15.24014,15.24014,15.24012
162,15.24014,15.24014,15.24012
163,15.24014,15.24014,15.24012
164,15.24014,15.24014,15.24012
165,15.24014,15.24014,15.24012
166,15.24014,15.24014,15.24012
167,15.24014,15.24014,15.24012
168,15.24014,15.24014,15.24012
169,15.24014,15.24014,15.24012
170,15.24014,15.24014,15.24012
171,15.24014,15.24014,15.24012
172,15.24014,15.24014,15.24012
173,15.24014,15.24014,15.24012
174,15.24014,15.24014,15.24012
175,15.24014,15.24014,15.24012
176,15.24014,15.24014,15.24012
177,15.24014,15.24014,15.24012
178,15.24014,15.24014,15.24012
179,15.24014,15.24014,15.24012
180,15.24014,15.24014,15.24012
181,15.24014,15.24014,15.24012
182,15.24014,15.24014,15.24012
183,15.24014,15.24014,15.24012
184,15.24014,15.24014,15.24012
185,15.24014,15.24014,15.24012
186,15.24014,15.24014,15.24012
187,15.24014,15.24014,15.24012
188,15.24014,15.24014,15.24012
189,15.24014,15.24014,15.24012
190,15.24014,15.24014,15.24012
191,15.24014,15.24014,15.24012
192,15.24014,15.24014,15.24012
193,15.24014,15.24014,15.24012
194,15.24014,15.24014,15.24012
195,15.24014,15.24014,15.24012
196,15.24014,15.24014,15.24012
197,15.24014,15.24014,15.24012
198,15.24014,15.24014,15.24012
199,15.24014,15.24014,15.24012
200,15.24014,15.24014,15.24012
201,15.24014,15.24014,15.24012
202,15.24014,15.24014,15.24012
203,15.24014,15.24014,15.24012
204,15.24014,15.24014,15.24012
205,15.24014,15.24014,15.24012
206,15.24014,15.24014,15.24012
207,15.24014,15.24014,15.24012
208,15.24014,15.24014,15.24012
209,15.24014,15.24014,15.24012
210,15.24014,15.24014,15.24012
211,15.24014,15.24014,15.24012
212,15.24014,15.24014,15.24012
213,15.24014,15.24014,15.24012
214,15.24014,15.24014,15.24012
215,15.24014,15.24014,15.24012
216,15.24014,15.24014,15.24012
217,15.24014,15.24014,15.24012
218,15.24014,15.24014,15.24012
219,15.24014,15.24014,15.24012
220,15.24014,15.24014,15.24012
221,15.24014,15.24014,15.24012
222,15.24014,15.24014,15.24012
223,15.24014,15.24014,15.24012
224,15.24014,15.24014,15.24012
225,15.24014,15.24014,15.24012
226,15.24014,15.24014,15.24012
227,15.24014,15.24014,15.24012
228,15.24014,15.24014,15.24012
229,15.24014,15.24014,15.24012
230,15.24014,15.24014,15.24012
231,15.24014,15.24014,15.24012
232,15.24014,15.24014,15.24012
233,15.24014,15.24014,15.24012
234,15.24014,15.24014,15.24012
235,15.24014,15.24014,15.24012
236,15.24014,15.24014,15.24012
237,15.24014,15.24014,15.24012
238,15.24014,15.24014,15.24012
239,15.24014,15.24014,15.24012
240,15.24014,15.24014,15.24012
241,15.24014,15.24014,15.24012
242,15.24014,15.24014,15.24012
243,15.24014,15.24014,15.24012
244,15.24014,15.24014,15.24012
245,15.24014,15.24014,15.24012
246,15.24014,15.24014,15.24012
247,15.24014,15.24014,15.24012
248,15.24014,15.24014,15.24012
249,15.24014,15.24014,15.24012
250,15.24014,15.24014,15.24012
251,15.24014,15.24014,15.24012
252,15.24014,15.24014,15.24012
253,15.24014,15.24014,15.24012
254,15.24014,15.24014,15.24012
255,15.24014,15.24014,15.24012
256,15.24014,15.24014,15.24012
257,15.24014,15.24014,15.24012
258,15.24014,15.24014,15.24012
259,15.24014,15.24014,15.24012
260,15.24014,15.24014,15.24012
261,15.24014,15.24014,15.24012
262,15.24014,15.24014,15.24012
263,15.24014,15.24014,15.24012
264,15.24014,15.24014,15.24012
265,15.24014,15.24014,15.24012
266,15.24014,15.24014,15.24012
267,15.24014,15.24014,15.24012
268,15.24014,15.24014,15.24012
269,15.24014,15.24014,15.24012
270,15.24014,15.24014,15.24012
271,15.24014,15.24014,15.24012
272,15.24014,15.24014,15.24012
273,15.24014,15.24014,15.24012
274,15.24014,15.24014,15.24012
275,15.24014,15.24014,15.24012
276,15.24014,15.24014,15.24012
277,15.24014,15.24014,15.24012
278,15.24014,15.24014,15.24012
279,15.24014,15.24014,15.24012
280,15.24014,15.24014,15.24012
281,15.24014,15.24014,15.24012
282,15.24014,15.24014,15.24012
283,15.24014,15.24014,15.24012
284,15.24014,15.24014,15.24012
285,15.24014,15.24014,15.24012
286,15.24014,15.24014,15.24012
287,15.24014,15.24014,15.24012
288,15.24014,15.24014,15.24012
289,15.24014,15.24014,15.24012
290,15.24014,15.24014,15.24012
291,15.24014,15.24014,15.24012
292,15.24014,15.24014,15.24012
293,15.24014,15.24014,15.24012
294,15.24014,15.24014,15.24012
295,15.24014,15.24014,15.24012
296,15.24014,15.24014,15.24012
297,15.24014,15.24014,15.24012
298,15.24014,15.24014,15.24012
299,15.24014,15.24014,15.24012
300,15.24014,15.24014,15.24012
301,15.24014,15.24014,15.24012
302,15.24014,15.24014,15.24012
303,15.24014,15.24014,15.24012
304,15.24014,15.24014,15.24012
305,15.24014,15.24014,15.24012
306,15.24014,15.24014,15.24012
307,15.24014,15.24014,15.24012
308,15.24014,15.24014,15.24012
309,15.24014,15.24014,15.24012
310,15.24014,15.24014,15.24012
311,15.24014,15.24014,15.24012
312,15.24014,15.24014,15.24012
313,15.24014,15.24014,15.24012
314,15.24014,15.24014,15.24012
315,15.24014,15.24014,15.24012
316,15.24014,15.24014,15.24012
317,15.24014,15.24014,15.24012
318,15.24014,15.24014,15.24012
319,15.24014,15.24014,15.24012
320,15.24014,15.24014,15.24012
321,15.24014,15.24014,15.24012
322,15.24014,15.24014,15.24012
323,15.24014,15.24014,15.24012
324,15.24014,15.24014,15.24012
325,15.24014,15.24014,15.24012
326,15.24014,15.24014,15.24012
327,15.24014,15.24014,15.24012
328,15.24014,15.24014,15.24012
329,15.24014,15.24014,15.24012
330,15.24014,15.24014,15.24012
331,15.24014,15.24014,15.24012
332,15.24014,15.24014,15.24012
333,15.24014,15.24014,15.24012
334,15.24014,15.24014,15.24012
335,15.24014,15.24014,15.24012
336,15.24014,15.24014,15.24012
337,15.24014,15.24014,15.24012
338,15.24014,15.24014,15.24012
339,15.24014,15.24014,15.24012
340,15.24014,15.24014,15.24012
341,15.24014,15.24014,15.24012
342,15.24014,15.24014,15.24012
343,15.24014,15.24014,15.24012
344,15.24014,15.24014,15.24012
345,15.24014,15.24014,15.24012
346,15.24014,15.24014,15.24012
347,15.24014,15.24014,15.24012
348,15.24014,15.24014,15.24012
349,15.24014,15.24014,15.24012
350,15.24014,15.24014,15.24012
351,15.24014,15.24014,15.24012
352,15.24014,15.24014,15.24012
353,15.24014,15.24014,15.24012
354,15.24014,15.24014,15.24012
355,15.24014,15.24014,15.24012
356,15.24014,15.24014,15.24012
357,15.24014,15.24014,15.24012
358,15.24014,15.24014,15.24012
359,15.24014,15.24014,15.24012
360,15.24014,15.24014,15.24012
361,15.24014,15.24014,15.24012
362,15.24014,15.24014,15.24012
363,15.24014,15.24014,15.24012
364,15.24014,15.24014,15.24012
365,15.24014,15.24014,15.24012
366,15.24014,15.24014,15.24012
367,15.24014,15.24014,15.24012
368,15.24014,15.24014,15.24012
369,15.24014,15.24014,15.24012
370,15.24014,15.24014,15.24012
371,15.24014,15.24014,15.24012
372,15.24014,15.24014,15.24012
373,15.24014,15.24014,15.24012
374,15.24014,15.24014,15.24012
375,15.24014,15.24014,15.24012
376,15.24014,15.24014,15.24012
377,15.24014,15.24014,15.24012
378,15.24014,15.24014,15.24012
379,15.24014,15.24014,15.24012
380,15.24014,15.24014,15.24012
381,15.24014,15.24014,15.24012
382,15.24014,15.24014,15.24012
383,15.24014,15.24014,15.24012
384,15.24014,15.24014,15.24012
385,15.24014,15.24014,15.24012
386,15.24014,15.24014,15.24012
387,15.24014,15.24014,15.24012
388,15.24014,15.24014,15.24012
389,15.24014,15.24014,15.24012
390,15.24014,15.24014,15.24012
391,15.24014,15.24014,15.24012
392,15.24014,15.24014,15.24012
393,15.24014,15.24014,15.24012
394,15.24014,15.24014,15.24012
395,15.24014,15.24014,15.24012
396,15.24014,15.24014,15.24012
397,15.24014,15.24014,15.24012
398,15.24014,15.24014,15.24012
399,15.24014,15.24014,15.24012
400,15.24014,15.24014,15.24012
401,15.24014,15.24014,15.24012
402,15.24014,15.24014,15.24012
403,15.24014,15.24014,15.24012
404,15.24014,15.24014,15.24012
405,15.24014,15.24014,15.24012
406,15.24014,15.24014,15.24012
407,15.24014,15.24014,15.24012
408,15.24014,15.24014,15.24012
409,15.24014,15.24014,15.24012
410,15.24014,15.24014,15.24012
411,15.24014,15.24014,15.24012
412,15.24014,15.24014,15.24012
413,15.24014,15.24014,15.24012
414,15.24014,15.24014,15.24012
415,15.24014,15.24014,15.24012
416,15.24014,15.24014,15.24012
417,15.24014,15.24014,15.24012
418,15.24014,15.24014,15.24012
419,15.24014,15.24014,15.24012
420,15.24014,15.24014,15.24012
421,15.24014,15.24014,15.24012
422,15.24014,15.24014,15.24012
423,15.24014,15.24014,15.24012
424,15.24014,15.24014,15.24012
425,15.24014,15.24014,15.24012
426,15.24014,15.24014,15.24012
427,15.24014,15.24014,15.24012
428,15.24014,15.24014,15.24012
429,15.24014,15.24014,15.24012
430,15.24014,15.24014,15.24012
431,15.24014,15.24014,15.24012
432,15.24014,15.24014,15.24012
433,15.24014,15.24014,15.24012
434,15.24014,15.24014,15.24012
435,15.24014,15.24014,15.24012
436,15.24014,15.24014,15.24012
437,15.24014,15.24014,15.24012
438,15.24014,15.24014,15.24012
439,15.24014,15.24014,15.24012
440,15.24014,15.24014,15.24012
441,15.24014,15.24014,15.24012
442,15.24014,15.24014,15.24012
443,15.24014,15.24014,15.24012
444,15.24014,15.24014,15.24012
445,15.24014,15.24014,15.24012
446,15.24014,15.24014,15.24012
447,15.24014,15.24014,15.24012
448,15.24014,15.24014,15.24012
449,15.24014,15.24014,15.24012
450,15.24014,15.24014,15.24012
451,15.24014,15.24014,15.24012
452,15.24014,15.24014,15.24012
453,15.24014,15.24014,15.24012
454,15.24014,15.24014,15.24012
455,15.24014,15.24014,15.24012
456,15.24014,15.24014,15.24012
457,15.24014,15.24014,15.24012
458,15.24014,15.24014,15.24012
459,15.24014,15.24014,15.24012
460,15.24014,15.24014,15.24012
461,15.24014,15.24014,15.24012
462,15.24014,15.24014,15.24012
463,15.24014,15.24014,15.24012
464,15.24014,15.24014,15.24012
465,15.24014,15.24014,15.24012
466,15.24014,15.24014,15.24012
467,15.24014,15.24014,15.24012
468,15.24014,15.24014,15.24012
469,15.24014,15.24014,15.24012
470,15.24014,15.24014,15.24012
471,15.24014,15.24014,15.24012
472,15.24014,15.24014,15.24012
473,15.24014,15.24014,15.24012
474,15.24014,15.24014,15.24012
475,15.24014,15.24014,15.24012
476,15.24014,15.24014,15.24012
477,15.24014,15.24014,15.24012
478,15.24014,15.24014,15.24012
479,15.24014,15.24014,15.24012
480,15.24014,15.24014,15.24012
481,15.24014,15.24014,15.24012
482,15.24014,15.24014,15.24012
483,15.24014,15.24014,15.24012
484,15.24014,15.24014,15.24012
485,15.24014,15.24014,15.24012
486,15.24014,15.24014,15.24012
487,15.24014,15.24014,15.24012
488,15.24014,15.24014,15.24012
489,15.24014,15.24014,15.24012
490,15.24014,15.24014,15.24012
491,15.24014,15.24014,15.24012
492,15.24014,15.24014,15.24012
493,15.24014,15.24014,15.24012
494,15.24014,15.24014,15.24012
495,15.24014,15.24014,15.24012
496,15.24014,15.24014,15.24012
497,15.24014,15.24014,15.24012
498,15.24014,15.24014,15.24012
499,15.24014,15.24014,15.24012
500,15.24014,15.24014,15.24012
501,15.24014,15.24014,15.24012
502,15.24014,15.24014,15.24012
503,15.24014,15.24014,15.24012
